date,user,addr
2019-06-14 06:24:59,test,ns328667.ip-178-
2019-06-14 06:24:57,test,ns328667.ip-178-
2019-06-14 06:24:29,crowiel,6.228.200.146.dy
2019-06-14 06:24:26,crowiel,6.228.200.146.dy
2019-06-14 06:24:02,django,157.230.213.241
2019-06-14 06:24:00,django,157.230.213.241
2019-06-14 06:23:44,root,ns559264.ip-192-
2019-06-14 06:23:35,toni,108.ip-51-254-14
2019-06-14 06:23:33,toni,108.ip-51-254-14
2019-06-14 06:23:15,django,ns328667.ip-178-
2019-06-14 06:23:13,django,ns328667.ip-178-
2019-06-14 06:22:41,jboss,6.228.200.146.dy
2019-06-14 06:22:39,jboss,6.228.200.146.dy
2019-06-14 06:22:15,abel,157.230.213.241
2019-06-14 06:22:14,abel,157.230.213.241
2019-06-14 06:21:58,root,ns559264.ip-192-
2019-06-14 06:21:51,december,108.ip-51-254-14
2019-06-14 06:21:48,december,108.ip-51-254-14
2019-06-14 06:21:29,curlycai,ns328667.ip-178-
2019-06-14 06:21:27,curlycai,ns328667.ip-178-
2019-06-14 06:20:49,dave,6.228.200.146.dy
2019-06-14 06:20:46,dave,6.228.200.146.dy
2019-06-14 06:20:26,alumni,157.230.213.241
2019-06-14 06:20:24,alumni,157.230.213.241
2019-06-14 06:20:08,root,ns559264.ip-192-
2019-06-14 06:19:56,oleg,108.ip-51-254-14
2019-06-14 06:19:54,oleg,108.ip-51-254-14
2019-06-14 06:19:42,root,ns328667.ip-178-
2019-06-14 06:18:54,oracle,6.228.200.146.dy
2019-06-14 06:18:52,oracle,6.228.200.146.dy
2019-06-14 06:18:30,jane,157.230.213.241
2019-06-14 06:18:28,jane,157.230.213.241
2019-06-14 06:18:20,applmgr,ns559264.ip-192-
2019-06-14 06:18:18,applmgr,ns559264.ip-192-
2019-06-14 06:18:05,sales,108.ip-51-254-14
2019-06-14 06:18:04,sales,108.ip-51-254-14
2019-06-14 06:17:55,test,ns328667.ip-178-
2019-06-14 06:17:54,test,ns328667.ip-178-
2019-06-14 06:17:08,ftptest,6.228.200.146.dy
2019-06-14 06:17:06,ftptest,6.228.200.146.dy
2019-06-14 06:16:35,ajh,157.230.213.241
2019-06-14 06:16:33,ajh,157.230.213.241
2019-06-14 06:16:32,root,ns559264.ip-192-
2019-06-14 06:16:20,root,108.ip-51-254-14
2019-06-14 06:16:15,th,ns328667.ip-178-
2019-06-14 06:16:13,th,ns328667.ip-178-
2019-06-14 06:15:22,teste,6.228.200.146.dy
2019-06-14 06:15:20,teste,6.228.200.146.dy
2019-06-14 06:14:40,jdonahue,ns559264.ip-192-
2019-06-14 06:14:38,jdonahue,ns559264.ip-192-
2019-06-14 06:14:32,root,108.ip-51-254-14
2019-06-14 06:14:29,everdata,157.230.213.241
2019-06-14 06:14:27,everdata,157.230.213.241
2019-06-14 06:14:24,root,ns328667.ip-178-
2019-06-14 06:13:35,ardend,6.228.200.146.dy
2019-06-14 06:13:33,ardend,6.228.200.146.dy
2019-06-14 06:12:50,mainly,ns559264.ip-192-
2019-06-14 06:12:48,mainly,ns559264.ip-192-
2019-06-14 06:12:44,postmast,108.ip-51-254-14
2019-06-14 06:12:42,postmast,108.ip-51-254-14
2019-06-14 06:11:49,tomas,6.228.200.146.dy
2019-06-14 06:11:47,tomas,6.228.200.146.dy
2019-06-14 06:11:05,mcc,ns559264.ip-192-
2019-06-14 06:11:03,mcc,ns559264.ip-192-
2019-06-14 06:10:58,root,108.ip-51-254-14
2019-06-14 06:10:03,qichang,6.228.200.146.dy
2019-06-14 06:10:03,root,157.230.213.241
2019-06-14 06:10:01,qichang,6.228.200.146.dy
2019-06-14 06:09:57,team,ns328667.ip-178-
2019-06-14 06:09:54,team,ns328667.ip-178-
2019-06-14 06:09:35,gruiz,74.63.193.14
2019-06-14 06:09:34,gruiz,74.63.193.14
2019-06-14 06:09:22,mailman,ns559264.ip-192-
2019-06-14 06:09:20,mailman,ns559264.ip-192-
2019-06-14 06:09:14,nagios,108.ip-51-254-14
2019-06-14 06:09:13,nagios,108.ip-51-254-14
2019-06-14 06:08:11,root,6.228.200.146.dy
2019-06-14 06:07:31,etc,ns559264.ip-192-
2019-06-14 06:07:29,etc,ns559264.ip-192-
2019-06-14 06:07:22,ggg,108.ip-51-254-14
2019-06-14 06:07:19,ggg,108.ip-51-254-14
2019-06-14 06:07:02,chip,157.230.110.11
2019-06-14 06:06:59,chip,157.230.110.11
2019-06-14 06:06:21,helpdesk,6.228.200.146.dy
2019-06-14 06:06:20,helpdesk,6.228.200.146.dy
2019-06-14 06:05:43,dev,ns559264.ip-192-
2019-06-14 06:05:41,dev,ns559264.ip-192-
2019-06-14 06:05:27,testbox,108.ip-51-254-14
2019-06-14 06:05:25,testbox,108.ip-51-254-14
2019-06-14 06:04:33,gspanos,6.228.200.146.dy
2019-06-14 06:04:32,gspanos,6.228.200.146.dy
2019-06-14 06:03:55,splunk,ns559264.ip-192-
2019-06-14 06:03:53,splunk,ns559264.ip-192-
2019-06-14 06:03:42,cvs,108.ip-51-254-14
2019-06-14 06:03:40,cvs,108.ip-51-254-14
2019-06-14 06:02:43,martinez,6.228.200.146.dy
2019-06-14 06:02:41,martinez,6.228.200.146.dy
2019-06-14 06:02:00,tester,ns559264.ip-192-
2019-06-14 06:01:58,tester,ns559264.ip-192-
2019-06-14 06:01:57,oracle,108.ip-51-254-14
2019-06-14 06:01:55,oracle,108.ip-51-254-14
2019-06-14 06:00:53,dev,6.228.200.146.dy
2019-06-14 06:00:51,dev,6.228.200.146.dy
2019-06-14 06:00:09,alumni,ns559264.ip-192-
2019-06-14 06:00:07,alumni,ns559264.ip-192-
2019-06-14 06:00:06,root,108.ip-51-254-14
2019-06-14 05:59:04,root,6.228.200.146.dy
2019-06-14 05:58:24,majordom,ns559264.ip-192-
2019-06-14 05:58:22,majordom,ns559264.ip-192-
2019-06-14 05:58:20,majordom,108.ip-51-254-14
2019-06-14 05:58:19,majordom,108.ip-51-254-14
2019-06-14 05:57:18,test,6.228.200.146.dy
2019-06-14 05:57:16,test,6.228.200.146.dy
2019-06-14 05:56:41,tester,ns559264.ip-192-
2019-06-14 05:56:40,tester,ns559264.ip-192-
2019-06-14 05:56:34,lisa1,108.ip-51-254-14
2019-06-14 05:56:32,lisa1,108.ip-51-254-14
2019-06-14 05:55:28,neutron,6.228.200.146.dy
2019-06-14 05:55:26,neutron,6.228.200.146.dy
2019-06-14 05:54:53,root,ns559264.ip-192-
2019-06-14 05:54:43,roel,108.ip-51-254-14
2019-06-14 05:54:41,roel,108.ip-51-254-14
2019-06-14 05:53:38,barney,6.228.200.146.dy
2019-06-14 05:53:35,barney,6.228.200.146.dy
2019-06-14 05:53:05,ah,ns559264.ip-192-
2019-06-14 05:53:03,ah,ns559264.ip-192-
2019-06-14 05:52:54,vpopmail,108.ip-51-254-14
2019-06-14 05:52:52,vpopmail,108.ip-51-254-14
2019-06-14 05:51:52,bh,6.228.200.146.dy
2019-06-14 05:51:50,bh,6.228.200.146.dy
2019-06-14 05:51:17,paul,ns559264.ip-192-
2019-06-14 05:51:15,paul,ns559264.ip-192-
2019-06-14 05:51:07,test9,108.ip-51-254-14
2019-06-14 05:51:05,test9,108.ip-51-254-14
2019-06-14 05:50:38,webuser,201.184.232.218
2019-06-14 05:50:36,webuser,201.184.232.218
2019-06-14 05:50:02,travis,6.228.200.146.dy
2019-06-14 05:49:59,travis,6.228.200.146.dy
2019-06-14 05:49:27,adminuse,ns559264.ip-192-
2019-06-14 05:49:25,adminuse,ns559264.ip-192-
2019-06-14 05:49:20,brigitte,108.ip-51-254-14
2019-06-14 05:49:18,brigitte,108.ip-51-254-14
2019-06-14 05:48:14,gast,6.228.200.146.dy
2019-06-14 05:48:11,gast,6.228.200.146.dy
2019-06-14 05:47:36,jenkins,ns559264.ip-192-
2019-06-14 05:47:34,root,108.ip-51-254-14
2019-06-14 05:47:33,jenkins,ns559264.ip-192-
2019-06-14 05:46:26,vision,6.228.200.146.dy
2019-06-14 05:46:23,vision,6.228.200.146.dy
2019-06-14 05:46:06,castis,85.195.212.6
2019-06-14 05:46:04,castis,85.195.212.6
2019-06-14 05:45:49,root,ns559264.ip-192-
2019-06-14 05:45:47,oracle,108.ip-51-254-14
2019-06-14 05:45:46,oracle,108.ip-51-254-14
2019-06-14 05:44:38,que,6.228.200.146.dy
2019-06-14 05:44:37,que,6.228.200.146.dy
2019-06-14 05:44:04,stephen,108.ip-51-254-14
2019-06-14 05:44:03,root,ns559264.ip-192-
2019-06-14 05:44:02,stephen,108.ip-51-254-14
2019-06-14 05:42:47,roger,6.228.200.146.dy
2019-06-14 05:42:45,roger,6.228.200.146.dy
2019-06-14 05:42:15,can,ns559264.ip-192-
2019-06-14 05:42:14,ul,108.ip-51-254-14
2019-06-14 05:42:13,can,ns559264.ip-192-
2019-06-14 05:42:12,ul,108.ip-51-254-14
2019-06-14 05:40:54,polycom,6.228.200.146.dy
2019-06-14 05:40:52,polycom,6.228.200.146.dy
2019-06-14 05:40:25,root,ns559264.ip-192-
2019-06-14 05:40:22,jane,108.ip-51-254-14
2019-06-14 05:40:20,jane,108.ip-51-254-14
2019-06-14 05:39:07,amavis,6.228.200.146.dy
2019-06-14 05:39:04,amavis,6.228.200.146.dy
2019-06-14 05:38:37,ghost,108.ip-51-254-14
2019-06-14 05:38:37,graham,ns559264.ip-192-
2019-06-14 05:38:35,ghost,108.ip-51-254-14
2019-06-14 05:38:35,graham,ns559264.ip-192-
2019-06-14 05:37:20,angela,6.228.200.146.dy
2019-06-14 05:37:18,angela,6.228.200.146.dy
2019-06-14 05:36:50,or,108.ip-51-254-14
2019-06-14 05:36:49,or,108.ip-51-254-14
2019-06-14 05:36:46,gitt,ns559264.ip-192-
2019-06-14 05:36:44,gitt,ns559264.ip-192-
2019-06-14 05:36:37,printer,139.59.74.143
2019-06-14 05:36:35,printer,139.59.74.143
2019-06-14 05:35:32,clamav1,6.228.200.146.dy
2019-06-14 05:35:30,clamav1,6.228.200.146.dy
2019-06-14 05:35:02,foeger,108.ip-51-254-14
2019-06-14 05:35:00,foeger,108.ip-51-254-14
2019-06-14 05:34:58,hasegawa,ns559264.ip-192-
2019-06-14 05:34:55,hasegawa,ns559264.ip-192-
2019-06-14 05:33:45,elastic,6.228.200.146.dy
2019-06-14 05:33:43,elastic,6.228.200.146.dy
2019-06-14 05:33:16,upload,108.ip-51-254-14
2019-06-14 05:33:14,upload,108.ip-51-254-14
2019-06-14 05:33:10,paintbal,ns559264.ip-192-
2019-06-14 05:33:08,paintbal,ns559264.ip-192-
2019-06-14 05:31:57,duo,6.228.200.146.dy
2019-06-14 05:31:56,duo,6.228.200.146.dy
2019-06-14 05:31:30,postgres,108.ip-51-254-14
2019-06-14 05:31:27,postgres,108.ip-51-254-14
2019-06-14 05:31:27,leoshih,ns559264.ip-192-
2019-06-14 05:31:25,leoshih,ns559264.ip-192-
2019-06-14 05:30:07,node,6.228.200.146.dy
2019-06-14 05:30:05,node,6.228.200.146.dy
2019-06-14 05:29:38,jiao,ns559264.ip-192-
2019-06-14 05:29:38,nsotelo,108.ip-51-254-14
2019-06-14 05:29:36,jiao,ns559264.ip-192-
2019-06-14 05:29:35,nsotelo,108.ip-51-254-14
2019-06-14 05:28:14,root,6.228.200.146.dy
2019-06-14 05:27:48,tests,ns559264.ip-192-
2019-06-14 05:27:47,tests,ns559264.ip-192-
2019-06-14 05:27:45,cpanel,108.ip-51-254-14
2019-06-14 05:27:43,cpanel,108.ip-51-254-14
2019-06-14 05:26:21,alban,6.228.200.146.dy
2019-06-14 05:26:20,alban,6.228.200.146.dy
2019-06-14 05:26:01,nobody,ns559264.ip-192-
2019-06-14 05:25:58,jau,108.ip-51-254-14
2019-06-14 05:25:56,jau,108.ip-51-254-14
2019-06-14 05:24:34,gitlab,6.228.200.146.dy
2019-06-14 05:24:32,gitlab,6.228.200.146.dy
2019-06-14 05:24:11,root,ns559264.ip-192-
2019-06-14 05:24:10,jn,108.ip-51-254-14
2019-06-14 05:24:09,jn,108.ip-51-254-14
2019-06-14 05:22:43,james,6.228.200.146.dy
2019-06-14 05:22:41,james,6.228.200.146.dy
2019-06-14 05:22:20,root,108.ip-51-254-14
2019-06-14 05:20:55,acyclic,6.228.200.146.dy
2019-06-14 05:20:53,acyclic,6.228.200.146.dy
2019-06-14 05:20:31,camera,108.ip-51-254-14
2019-06-14 05:20:28,camera,108.ip-51-254-14
2019-06-14 05:20:02,root,ns559264.ip-192-
2019-06-14 05:19:07,promise,6.228.200.146.dy
2019-06-14 05:19:05,promise,6.228.200.146.dy
2019-06-14 05:18:44,aron,108.ip-51-254-14
2019-06-14 05:18:42,aron,108.ip-51-254-14
2019-06-14 05:17:16,root,6.228.200.146.dy
2019-06-14 05:16:51,demo,108.ip-51-254-14
2019-06-14 05:16:48,demo,108.ip-51-254-14
2019-06-14 05:15:26,mr,6.228.200.146.dy
2019-06-14 05:15:25,mr,6.228.200.146.dy
2019-06-14 05:14:59,lang,108.ip-51-254-14
2019-06-14 05:14:57,lang,108.ip-51-254-14
2019-06-14 05:13:41,root,6.228.200.146.dy
2019-06-14 05:13:10,library1,108.ip-51-254-14
2019-06-14 05:13:08,library1,108.ip-51-254-14
2019-06-14 05:11:53,user2,6.228.200.146.dy
2019-06-14 05:11:51,user2,6.228.200.146.dy
2019-06-14 05:11:24,abcd1,108.ip-51-254-14
2019-06-14 05:11:22,abcd1,108.ip-51-254-14
2019-06-14 05:10:52,storwatc,159.65.242.16
2019-06-14 05:10:50,storwatc,159.65.242.16
2019-06-14 05:10:04,tweidner,6.228.200.146.dy
2019-06-14 05:10:02,tweidner,6.228.200.146.dy
2019-06-14 05:09:33,sun1,108.ip-51-254-14
2019-06-14 05:09:31,sun1,108.ip-51-254-14
2019-06-14 05:08:18,marcus,6.228.200.146.dy
2019-06-14 05:08:16,marcus,6.228.200.146.dy
2019-06-14 05:07:47,root,108.ip-51-254-14
2019-06-14 05:06:31,root,6.228.200.146.dy
2019-06-14 05:05:59,develope,108.ip-51-254-14
2019-06-14 05:05:57,develope,108.ip-51-254-14
2019-06-14 05:04:37,garys,6.228.200.146.dy
2019-06-14 05:04:35,garys,6.228.200.146.dy
2019-06-14 05:04:05,csiszer,108.ip-51-254-14
2019-06-14 05:04:03,root,74.208.239.79
2019-06-14 05:04:02,csiszer,108.ip-51-254-14
2019-06-14 05:02:48,leftist,6.228.200.146.dy
2019-06-14 05:02:46,leftist,6.228.200.146.dy
2019-06-14 05:02:13,uta,108.ip-51-254-14
2019-06-14 05:02:10,uta,108.ip-51-254-14
2019-06-14 05:00:55,root,6.228.200.146.dy
2019-06-14 05:00:23,alfreda,108.ip-51-254-14
2019-06-14 05:00:21,alfreda,108.ip-51-254-14
2019-06-14 04:59:11,smbtestu,6.228.200.146.dy
2019-06-14 04:59:09,smbtestu,6.228.200.146.dy
2019-06-14 04:58:34,root,108.ip-51-254-14
2019-06-14 04:57:22,erp,6.228.200.146.dy
2019-06-14 04:57:20,erp,6.228.200.146.dy
2019-06-14 04:56:43,user01,108.ip-51-254-14
2019-06-14 04:56:40,user01,108.ip-51-254-14
2019-06-14 04:55:34,student,6.228.200.146.dy
2019-06-14 04:55:32,student,6.228.200.146.dy
2019-06-14 04:55:01,system,190.180.63.229
2019-06-14 04:54:59,system,190.180.63.229
2019-06-14 04:54:53,factorio,108.ip-51-254-14
2019-06-14 04:54:51,factorio,108.ip-51-254-14
2019-06-14 04:53:48,photo,6.228.200.146.dy
2019-06-14 04:53:46,photo,6.228.200.146.dy
2019-06-14 04:53:04,majordom,108.ip-51-254-14
2019-06-14 04:53:01,majordom,108.ip-51-254-14
2019-06-14 04:51:56,tomcat,6.228.200.146.dy
2019-06-14 04:51:54,tomcat,6.228.200.146.dy
2019-06-14 04:51:39,srvback,201.184.232.218
2019-06-14 04:51:37,srvback,201.184.232.218
2019-06-14 04:51:12,root,108.ip-51-254-14
2019-06-14 04:50:04,abc,6.228.200.146.dy
2019-06-14 04:50:02,abc,6.228.200.146.dy
2019-06-14 04:49:18,ness,108.ip-51-254-14
2019-06-14 04:49:16,ness,108.ip-51-254-14
2019-06-14 04:48:18,ftpuser,6.228.200.146.dy
2019-06-14 04:48:16,ftpuser,6.228.200.146.dy
2019-06-14 04:47:33,siudys,108.ip-51-254-14
2019-06-14 04:47:32,siudys,108.ip-51-254-14
2019-06-14 04:46:25,mythtv,6.228.200.146.dy
2019-06-14 04:46:23,mythtv,6.228.200.146.dy
2019-06-14 04:45:45,root,108.ip-51-254-14
2019-06-14 04:44:31,joshua,6.228.200.146.dy
2019-06-14 04:44:29,joshua,6.228.200.146.dy
2019-06-14 04:43:56,administ,108.ip-51-254-14
2019-06-14 04:43:54,administ,108.ip-51-254-14
2019-06-14 04:42:43,postgres,6.228.200.146.dy
2019-06-14 04:42:41,postgres,6.228.200.146.dy
2019-06-14 04:42:11,root,108.ip-51-254-14
2019-06-14 04:41:17,ralp,52.231.25.242
2019-06-14 04:41:16,ralp,52.231.25.242
2019-06-14 04:40:54,root,6.228.200.146.dy
2019-06-14 04:40:26,linux1,108.ip-51-254-14
2019-06-14 04:40:24,linux1,108.ip-51-254-14
2019-06-14 04:39:03,angel,6.228.200.146.dy
2019-06-14 04:39:01,angel,6.228.200.146.dy
2019-06-14 04:38:34,nn,108.ip-51-254-14
2019-06-14 04:38:32,nn,108.ip-51-254-14
2019-06-14 04:37:14,a,6.228.200.146.dy
2019-06-14 04:37:12,a,6.228.200.146.dy
2019-06-14 04:36:40,btsicmin,108.ip-51-254-14
2019-06-14 04:36:38,btsicmin,108.ip-51-254-14
2019-06-14 04:35:27,root,6.228.200.146.dy
2019-06-14 04:34:54,pe,108.ip-51-254-14
2019-06-14 04:34:52,pe,108.ip-51-254-14
2019-06-14 04:33:40,wangy,6.228.200.146.dy
2019-06-14 04:33:39,wangy,6.228.200.146.dy
2019-06-14 04:33:05,mark,108.ip-51-254-14
2019-06-14 04:33:03,mark,108.ip-51-254-14
2019-06-14 04:31:52,cemergen,6.228.200.146.dy
2019-06-14 04:31:50,cemergen,6.228.200.146.dy
2019-06-14 04:31:13,pen,108.ip-51-254-14
2019-06-14 04:31:11,pen,108.ip-51-254-14
2019-06-14 04:30:03,games,6.228.200.146.dy
2019-06-14 04:29:28,informix,108.ip-51-254-14
2019-06-14 04:29:26,informix,108.ip-51-254-14
2019-06-14 04:28:12,root,6.228.200.146.dy
2019-06-14 04:27:44,george,108.ip-51-254-14
2019-06-14 04:27:42,george,108.ip-51-254-14
2019-06-14 04:26:20,capslock,6.228.200.146.dy
2019-06-14 04:26:18,capslock,6.228.200.146.dy
2019-06-14 04:25:51,tomcat,108.ip-51-254-14
2019-06-14 04:25:49,tomcat,108.ip-51-254-14
2019-06-14 04:24:25,root,6.228.200.146.dy
2019-06-14 04:23:59,admin,108.ip-51-254-14
2019-06-14 04:23:56,admin,108.ip-51-254-14
2019-06-14 04:22:40,user5,6.228.200.146.dy
2019-06-14 04:22:38,user5,6.228.200.146.dy
2019-06-14 04:22:13,guest,108.ip-51-254-14
2019-06-14 04:22:11,guest,108.ip-51-254-14
2019-06-14 04:20:55,dhcp3,6.228.200.146.dy
2019-06-14 04:20:53,dhcp3,6.228.200.146.dy
2019-06-14 04:20:29,mac,108.ip-51-254-14
2019-06-14 04:20:27,mac,108.ip-51-254-14
2019-06-14 04:19:05,user,6.228.200.146.dy
2019-06-14 04:19:03,user,6.228.200.146.dy
2019-06-14 04:18:40,root,108.ip-51-254-14
2019-06-14 04:17:18,applmgr,6.228.200.146.dy
2019-06-14 04:17:16,applmgr,6.228.200.146.dy
2019-06-14 04:16:50,root,108.ip-51-254-14
2019-06-14 04:15:34,admin,6.228.200.146.dy
2019-06-14 04:15:32,admin,6.228.200.146.dy
2019-06-14 04:15:19,root,81.12.159.146
2019-06-14 04:15:08,csgo,108.ip-51-254-14
2019-06-14 04:15:06,csgo,108.ip-51-254-14
2019-06-14 04:13:49,root,128.199.221.18
2019-06-14 04:13:47,vvv,6.228.200.146.dy
2019-06-14 04:13:44,vvv,6.228.200.146.dy
2019-06-14 04:13:21,alec,108.ip-51-254-14
2019-06-14 04:13:19,alec,108.ip-51-254-14
2019-06-14 04:13:06,suporte,206.189.166.172
2019-06-14 04:13:04,suporte,206.189.166.172
2019-06-14 04:12:59,services,103.60.220.73
2019-06-14 04:12:57,services,103.60.220.73
2019-06-14 04:11:58,kovtim,6.228.200.146.dy
2019-06-14 04:11:56,kovtim,6.228.200.146.dy
2019-06-14 04:11:30,kevin,108.ip-51-254-14
2019-06-14 04:11:28,kevin,108.ip-51-254-14
2019-06-14 04:10:13,develope,6.228.200.146.dy
2019-06-14 04:10:11,develope,6.228.200.146.dy
2019-06-14 04:09:45,nagios,108.ip-51-254-14
2019-06-14 04:09:43,nagios,108.ip-51-254-14
2019-06-14 04:08:28,hiroshi,6.228.200.146.dy
2019-06-14 04:08:26,hiroshi,6.228.200.146.dy
2019-06-14 04:07:54,root,108.ip-51-254-14
2019-06-14 04:06:37,jenkins,6.228.200.146.dy
2019-06-14 04:06:35,jenkins,6.228.200.146.dy
2019-06-14 04:06:03,vnc,108.ip-51-254-14
2019-06-14 04:06:01,vnc,108.ip-51-254-14
2019-06-14 04:04:49,webmaste,6.228.200.146.dy
2019-06-14 04:04:47,webmaste,6.228.200.146.dy
2019-06-14 04:04:17,oracle,108.ip-51-254-14
2019-06-14 04:04:15,oracle,108.ip-51-254-14
2019-06-14 04:03:03,justin,6.228.200.146.dy
2019-06-14 04:03:01,justin,6.228.200.146.dy
2019-06-14 04:02:34,root,108.ip-51-254-14
2019-06-14 04:01:14,root,6.228.200.146.dy
2019-06-14 03:59:57,heidi,108.ip-51-254-14
2019-06-14 03:59:54,heidi,108.ip-51-254-14
2019-06-14 03:59:29,milord,6.228.200.146.dy
2019-06-14 03:59:27,milord,6.228.200.146.dy
2019-06-14 03:57:46,matt,6.228.200.146.dy
2019-06-14 03:57:44,matt,6.228.200.146.dy
2019-06-14 03:56:04,weblogic,6.228.200.146.dy
2019-06-14 03:56:02,weblogic,6.228.200.146.dy
2019-06-14 03:54:19,lisa,6.228.200.146.dy
2019-06-14 03:54:17,lisa,6.228.200.146.dy
2019-06-14 03:52:31,glacier,6.228.200.146.dy
2019-06-14 03:52:29,glacier,6.228.200.146.dy
2019-06-14 03:50:48,montor,6.228.200.146.dy
2019-06-14 03:50:46,montor,6.228.200.146.dy
2019-06-14 03:46:14,root,6.228.200.146.dy
2019-06-14 02:52:42,admin,185.232.67.11
2019-06-14 02:52:40,admin,185.232.67.11
2019-06-14 02:43:16,coupon,167.99.230.57
2019-06-14 02:43:13,coupon,167.99.230.57
2019-06-14 02:13:03,printer,202.88.241.107
2019-06-14 02:13:01,printer,202.88.241.107
2019-06-14 01:52:16,ts3user,178.128.10.188
2019-06-14 01:52:14,ts3user,178.128.10.188
2019-06-14 01:51:04,root,200.51.41.227
2019-06-14 01:48:42,cst,200.51.41.227
2019-06-14 01:48:40,cst,200.51.41.227
2019-06-14 01:46:13,lewis,200.51.41.227
2019-06-14 01:46:11,lewis,200.51.41.227
2019-06-14 01:43:44,director,200.51.41.227
2019-06-14 01:43:43,director,200.51.41.227
2019-06-14 01:41:20,lllll,200.51.41.227
2019-06-14 01:41:18,lllll,200.51.41.227
2019-06-14 01:38:55,root,200.51.41.227
2019-06-14 01:38:18,dsc,201.134.239.165
2019-06-14 01:38:17,dsc,201.134.239.165
2019-06-14 01:36:33,root,200.51.41.227
2019-06-14 01:36:19,ultranms,201.134.239.165
2019-06-14 01:36:17,ultranms,201.134.239.165
2019-06-14 01:34:17,kaatjeuh,201.134.239.165
2019-06-14 01:34:15,kaatjeuh,201.134.239.165
2019-06-14 01:34:06,backup,200.51.41.227
2019-06-14 01:32:09,sybase,201.134.239.165
2019-06-14 01:32:07,sybase,201.134.239.165
2019-06-14 01:31:43,hank,138.197.72.48
2019-06-14 01:31:42,hank,138.197.72.48
2019-06-14 01:31:38,zu,200.51.41.227
2019-06-14 01:31:36,zu,200.51.41.227
2019-06-14 01:30:05,majordom,201.134.239.165
2019-06-14 01:30:03,majordom,201.134.239.165
2019-06-14 01:29:12,root,200.51.41.227
2019-06-14 01:28:01,root,201.134.239.165
2019-06-14 01:26:47,kv,200.51.41.227
2019-06-14 01:26:44,kv,200.51.41.227
2019-06-14 01:25:58,postfix3,201.134.239.165
2019-06-14 01:25:56,postfix3,201.134.239.165
2019-06-14 01:25:24,dd,128.ip-51-38-37.
2019-06-14 01:25:22,dd,128.ip-51-38-37.
2019-06-14 01:24:23,sap,200.51.41.227
2019-06-14 01:24:21,sap,200.51.41.227
2019-06-14 01:23:59,claudio,201.134.239.165
2019-06-14 01:23:57,claudio,201.134.239.165
2019-06-14 01:23:34,zebra,128.ip-51-38-37.
2019-06-14 01:23:32,zebra,128.ip-51-38-37.
2019-06-14 01:21:59,root,200.51.41.227
2019-06-14 01:21:55,cg,201.134.239.165
2019-06-14 01:21:53,cg,201.134.239.165
2019-06-14 01:21:41,list,128.ip-51-38-37.
2019-06-14 01:19:49,dd,128.ip-51-38-37.
2019-06-14 01:19:47,dd,128.ip-51-38-37.
2019-06-14 01:19:44,rofl,201.134.239.165
2019-06-14 01:19:42,rofl,201.134.239.165
2019-06-14 01:19:29,clamav,200.51.41.227
2019-06-14 01:19:27,clamav,200.51.41.227
2019-06-14 01:18:00,znc-admi,128.ip-51-38-37.
2019-06-14 01:17:57,znc-admi,128.ip-51-38-37.
2019-06-14 01:17:39,kinder,201.134.239.165
2019-06-14 01:17:37,kinder,201.134.239.165
2019-06-14 01:17:00,fred,200.51.41.227
2019-06-14 01:16:57,fred,200.51.41.227
2019-06-14 01:16:10,teng,128.ip-51-38-37.
2019-06-14 01:16:08,teng,128.ip-51-38-37.
2019-06-14 01:15:37,new,201.134.239.165
2019-06-14 01:15:35,new,201.134.239.165
2019-06-14 01:14:32,chromous,200.51.41.227
2019-06-14 01:14:29,chromous,200.51.41.227
2019-06-14 01:14:21,fourier,128.ip-51-38-37.
2019-06-14 01:14:18,fourier,128.ip-51-38-37.
2019-06-14 01:13:35,altis,201.134.239.165
2019-06-14 01:13:32,altis,201.134.239.165
2019-06-14 01:12:33,root,128.ip-51-38-37.
2019-06-14 01:12:08,webmaste,200.51.41.227
2019-06-14 01:12:06,webmaste,200.51.41.227
2019-06-14 01:11:35,wwwrun,201.134.239.165
2019-06-14 01:11:33,wwwrun,201.134.239.165
2019-06-14 01:10:43,olli,128.ip-51-38-37.
2019-06-14 01:10:41,olli,128.ip-51-38-37.
2019-06-14 01:09:47,ke,200.51.41.227
2019-06-14 01:09:44,ke,200.51.41.227
2019-06-14 01:09:35,iv,201.134.239.165
2019-06-14 01:09:32,iv,201.134.239.165
2019-06-14 01:08:50,fox,128.ip-51-38-37.
2019-06-14 01:08:48,fox,128.ip-51-38-37.
2019-06-14 01:07:24,pvx,201.134.239.165
2019-06-14 01:07:22,pvx,201.134.239.165
2019-06-14 01:07:20,m1,200.51.41.227
2019-06-14 01:07:18,m1,200.51.41.227
2019-06-14 01:06:59,flopy,128.ip-51-38-37.
2019-06-14 01:06:57,flopy,128.ip-51-38-37.
2019-06-14 01:06:11,bitrix,76.ip-37-59-104.
2019-06-14 01:06:09,bitrix,76.ip-37-59-104.
2019-06-14 01:05:17,fish,201.134.239.165
2019-06-14 01:05:15,fish,201.134.239.165
2019-06-14 01:05:10,anurag,128.ip-51-38-37.
2019-06-14 01:05:08,anurag,128.ip-51-38-37.
2019-06-14 01:04:54,wangyi,200.51.41.227
2019-06-14 01:04:52,wangyi,200.51.41.227
2019-06-14 01:03:21,majordom,128.ip-51-38-37.
2019-06-14 01:03:19,majordom,128.ip-51-38-37.
2019-06-14 01:03:15,unix,201.134.239.165
2019-06-14 01:03:14,unix,201.134.239.165
2019-06-14 01:02:23,share,200.51.41.227
2019-06-14 01:02:21,share,200.51.41.227
2019-06-14 01:01:31,games,128.ip-51-38-37.
2019-06-14 01:01:12,root,201.134.239.165
2019-06-14 00:59:54,root,200.51.41.227
2019-06-14 00:59:43,angus,128.ip-51-38-37.
2019-06-14 00:59:41,angus,128.ip-51-38-37.
2019-06-14 00:59:10,ftp123,201.134.239.165
2019-06-14 00:59:08,ftp123,201.134.239.165
2019-06-14 00:57:53,edward,128.ip-51-38-37.
2019-06-14 00:57:50,edward,128.ip-51-38-37.
2019-06-14 00:57:33,root,200.51.41.227
2019-06-14 00:57:11,teamspea,201.134.239.165
2019-06-14 00:57:09,teamspea,201.134.239.165
2019-06-14 00:56:01,visa,128.ip-51-38-37.
2019-06-14 00:55:59,visa,128.ip-51-38-37.
2019-06-14 00:55:07,frighten,200.51.41.227
2019-06-14 00:55:06,frighten,200.51.41.227
2019-06-14 00:55:02,Aaron,201.134.239.165
2019-06-14 00:55:00,Aaron,201.134.239.165
2019-06-14 00:54:10,jorgec,128.ip-51-38-37.
2019-06-14 00:54:08,jorgec,128.ip-51-38-37.
2019-06-14 00:52:56,root,201.134.239.165
2019-06-14 00:52:44,oracle,200.51.41.227
2019-06-14 00:52:43,oracle,200.51.41.227
2019-06-14 00:52:22,setup,128.ip-51-38-37.
2019-06-14 00:52:20,setup,128.ip-51-38-37.
2019-06-14 00:50:56,tools,201.134.239.165
2019-06-14 00:50:54,tools,201.134.239.165
2019-06-14 00:50:32,apache1,128.ip-51-38-37.
2019-06-14 00:50:31,apache1,128.ip-51-38-37.
2019-06-14 00:50:17,root,200.51.41.227
2019-06-14 00:49:20,joshua,167.99.75.174
2019-06-14 00:49:17,joshua,167.99.75.174
2019-06-14 00:48:52,root,201.134.239.165
2019-06-14 00:48:42,planta,128.ip-51-38-37.
2019-06-14 00:48:39,planta,128.ip-51-38-37.
2019-06-14 00:47:46,email,200.51.41.227
2019-06-14 00:47:44,email,200.51.41.227
2019-06-14 00:46:52,aa,128.ip-51-38-37.
2019-06-14 00:46:51,zar,201.134.239.165
2019-06-14 00:46:50,aa,128.ip-51-38-37.
2019-06-14 00:46:49,zar,201.134.239.165
2019-06-14 00:45:21,jean,200.51.41.227
2019-06-14 00:45:19,jean,200.51.41.227
2019-06-14 00:45:02,karie,128.ip-51-38-37.
2019-06-14 00:45:00,karie,128.ip-51-38-37.
2019-06-14 00:44:50,user3,201.134.239.165
2019-06-14 00:44:48,user3,201.134.239.165
2019-06-14 00:43:08,aa,128.ip-51-38-37.
2019-06-14 00:43:06,aa,128.ip-51-38-37.
2019-06-14 00:42:55,internet,200.51.41.227
2019-06-14 00:42:53,internet,200.51.41.227
2019-06-14 00:42:42,test,201.134.239.165
2019-06-14 00:42:39,test,201.134.239.165
2019-06-14 00:41:16,kt,128.ip-51-38-37.
2019-06-14 00:41:14,kt,128.ip-51-38-37.
2019-06-14 00:40:35,kafka,201.134.239.165
2019-06-14 00:40:33,kafka,201.134.239.165
2019-06-14 00:40:31,test1,200.51.41.227
2019-06-14 00:40:30,test1,200.51.41.227
2019-06-14 00:39:25,info4,128.ip-51-38-37.
2019-06-14 00:39:23,info4,128.ip-51-38-37.
2019-06-14 00:38:35,root,201.134.239.165
2019-06-14 00:38:11,jenifer,200.51.41.227
2019-06-14 00:38:08,jenifer,200.51.41.227
2019-06-14 00:37:36,root,128.ip-51-38-37.
2019-06-14 00:36:32,harold,201.134.239.165
2019-06-14 00:36:30,harold,201.134.239.165
2019-06-14 00:35:45,root,128.ip-51-38-37.
2019-06-14 00:35:42,root,200.51.41.227
2019-06-14 00:34:31,autiss,201.134.239.165
2019-06-14 00:34:29,autiss,201.134.239.165
2019-06-14 00:33:54,bx,128.ip-51-38-37.
2019-06-14 00:33:52,bx,128.ip-51-38-37.
2019-06-14 00:33:15,alfredo,200.51.41.227
2019-06-14 00:33:13,alfredo,200.51.41.227
2019-06-14 00:32:31,vnc,201.134.239.165
2019-06-14 00:32:29,vnc,201.134.239.165
2019-06-14 00:32:05,root,128.ip-51-38-37.
2019-06-14 00:30:48,library,200.51.41.227
2019-06-14 00:30:46,library,200.51.41.227
2019-06-14 00:30:24,ADONI,201.134.239.165
2019-06-14 00:30:22,ADONI,201.134.239.165
2019-06-14 00:30:12,www,128.ip-51-38-37.
2019-06-14 00:30:10,www,128.ip-51-38-37.
2019-06-14 00:28:24,app,128.ip-51-38-37.
2019-06-14 00:28:22,jeff,200.51.41.227
2019-06-14 00:28:21,app,128.ip-51-38-37.
2019-06-14 00:28:20,jeff,200.51.41.227
2019-06-14 00:28:17,root,201.134.239.165
2019-06-14 00:26:37,Basisk,128.ip-51-38-37.
2019-06-14 00:26:35,Basisk,128.ip-51-38-37.
2019-06-14 00:26:18,df,201.134.239.165
2019-06-14 00:26:16,df,201.134.239.165
2019-06-14 00:26:00,root,200.51.41.227
2019-06-14 00:24:48,root,128.ip-51-38-37.
2019-06-14 00:24:17,jet,201.134.239.165
2019-06-14 00:24:15,jet,201.134.239.165
2019-06-14 00:23:35,elvin,200.51.41.227
2019-06-14 00:23:32,elvin,200.51.41.227
2019-06-14 00:22:56,zl,128.ip-51-38-37.
2019-06-14 00:22:54,zl,128.ip-51-38-37.
2019-06-14 00:22:15,o,201.134.239.165
2019-06-14 00:22:13,o,201.134.239.165
2019-06-14 00:21:10,jeni,200.51.41.227
2019-06-14 00:21:08,jeni,200.51.41.227
2019-06-14 00:21:06,sv,128.ip-51-38-37.
2019-06-14 00:21:04,sv,128.ip-51-38-37.
2019-06-14 00:20:16,wangyafa,201.134.239.165
2019-06-14 00:20:14,wangyafa,201.134.239.165
2019-06-14 00:19:15,aircop,128.ip-51-38-37.
2019-06-14 00:19:13,aircop,128.ip-51-38-37.
2019-06-14 00:18:44,guest,200.51.41.227
2019-06-14 00:18:42,guest,200.51.41.227
2019-06-14 00:18:10,sao,201.134.239.165
2019-06-14 00:18:08,sao,201.134.239.165
2019-06-14 00:17:20,effendy,128.ip-51-38-37.
2019-06-14 00:17:18,effendy,128.ip-51-38-37.
2019-06-14 00:16:16,dl,200.51.41.227
2019-06-14 00:16:14,dl,200.51.41.227
2019-06-14 00:16:01,loki,201.134.239.165
2019-06-14 00:15:59,loki,201.134.239.165
2019-06-14 00:15:31,upload4,128.ip-51-38-37.
2019-06-14 00:15:28,upload4,128.ip-51-38-37.
2019-06-14 00:14:01,misc,201.134.239.165
2019-06-14 00:13:59,misc,201.134.239.165
2019-06-14 00:13:53,twitter,200.51.41.227
2019-06-14 00:13:51,twitter,200.51.41.227
2019-06-14 00:13:43,asia,128.ip-51-38-37.
2019-06-14 00:13:41,asia,128.ip-51-38-37.
2019-06-14 00:12:00,jenkins,201.134.239.165
2019-06-14 00:11:59,jenkins,201.134.239.165
2019-06-14 00:11:55,doug,128.ip-51-38-37.
2019-06-14 00:11:52,doug,128.ip-51-38-37.
2019-06-14 00:11:30,sshd,200.51.41.227
2019-06-14 00:10:02,gc,128.ip-51-38-37.
2019-06-14 00:10:00,gc,128.ip-51-38-37.
2019-06-14 00:09:57,wwwdata,201.134.239.165
2019-06-14 00:09:55,wwwdata,201.134.239.165
2019-06-14 00:09:04,mailtest,200.51.41.227
2019-06-14 00:09:02,mailtest,200.51.41.227
2019-06-14 00:08:16,root,128.ip-51-38-37.
2019-06-14 00:07:57,test,201.134.239.165
2019-06-14 00:07:55,test,201.134.239.165
2019-06-14 00:06:40,admin,200.51.41.227
2019-06-14 00:06:38,admin,200.51.41.227
2019-06-14 00:06:26,test,128.ip-51-38-37.
2019-06-14 00:06:24,test,128.ip-51-38-37.
2019-06-14 00:05:52,wpyan,201.134.239.165
2019-06-14 00:05:50,wpyan,201.134.239.165
2019-06-14 00:04:34,nobody,128.ip-51-38-37.
2019-06-14 00:04:09,root,200.51.41.227
2019-06-14 00:03:42,marketin,201.134.239.165
2019-06-14 00:03:40,marketin,201.134.239.165
2019-06-14 00:02:43,gouveia1,128.ip-51-38-37.
2019-06-14 00:02:41,gouveia1,128.ip-51-38-37.
2019-06-14 00:01:41,root,201.134.239.165
2019-06-14 00:01:40,proxy,200.51.41.227
2019-06-14 00:00:56,clamav1,128.ip-51-38-37.
2019-06-14 00:00:54,clamav1,128.ip-51-38-37.
2019-06-13 23:59:39,root,201.134.239.165
2019-06-13 23:59:13,operator,200.51.41.227
2019-06-13 23:59:11,operator,200.51.41.227
2019-06-13 23:59:05,extrim,128.ip-51-38-37.
2019-06-13 23:59:03,extrim,128.ip-51-38-37.
2019-06-13 23:57:34,admin,201.134.239.165
2019-06-13 23:57:32,admin,201.134.239.165
2019-06-13 23:57:11,photo,128.ip-51-38-37.
2019-06-13 23:57:09,photo,128.ip-51-38-37.
2019-06-13 23:56:48,ux,200.51.41.227
2019-06-13 23:56:46,ux,200.51.41.227
2019-06-13 23:55:35,httpd,201.134.239.165
2019-06-13 23:55:33,httpd,201.134.239.165
2019-06-13 23:55:24,nehas,128.ip-51-38-37.
2019-06-13 23:55:23,nehas,128.ip-51-38-37.
2019-06-13 23:54:27,smbtest,200.51.41.227
2019-06-13 23:54:25,smbtest,200.51.41.227
2019-06-13 23:53:34,anatolij,128.ip-51-38-37.
2019-06-13 23:53:33,root,201.134.239.165
2019-06-13 23:53:32,anatolij,128.ip-51-38-37.
2019-06-13 23:52:01,pork,200.51.41.227
2019-06-13 23:51:59,pork,200.51.41.227
2019-06-13 23:51:43,root,128.ip-51-38-37.
2019-06-13 23:51:25,root,201.134.239.165
2019-06-13 23:49:52,abc,128.ip-51-38-37.
2019-06-13 23:49:51,admin,46.101.27.6
2019-06-13 23:49:50,abc,128.ip-51-38-37.
2019-06-13 23:49:49,admin,46.101.27.6
2019-06-13 23:49:33,mailnull,200.51.41.227
2019-06-13 23:49:31,mailnull,200.51.41.227
2019-06-13 23:49:20,tz,201.134.239.165
2019-06-13 23:49:18,tz,201.134.239.165
2019-06-13 23:48:07,games,128.ip-51-38-37.
2019-06-13 23:47:21,shuai,201.134.239.165
2019-06-13 23:47:19,shuai,201.134.239.165
2019-06-13 23:47:05,test1,200.51.41.227
2019-06-13 23:47:02,test1,200.51.41.227
2019-06-13 23:46:19,tw,128.ip-51-38-37.
2019-06-13 23:46:17,tw,128.ip-51-38-37.
2019-06-13 23:45:16,miner,201.134.239.165
2019-06-13 23:45:14,miner,201.134.239.165
2019-06-13 23:44:36,root,200.51.41.227
2019-06-13 23:44:28,kouki,128.ip-51-38-37.
2019-06-13 23:44:26,kouki,128.ip-51-38-37.
2019-06-13 23:43:14,root,201.134.239.165
2019-06-13 23:42:41,admin,128.199.196.155
2019-06-13 23:42:40,dst,128.ip-51-38-37.
2019-06-13 23:42:39,admin,128.199.196.155
2019-06-13 23:42:39,dst,128.ip-51-38-37.
2019-06-13 23:42:15,thulani,200.51.41.227
2019-06-13 23:42:13,thulani,200.51.41.227
2019-06-13 23:41:16,backup1,201.134.239.165
2019-06-13 23:41:13,backup1,201.134.239.165
2019-06-13 23:40:48,root,128.ip-51-38-37.
2019-06-13 23:40:33,timemach,128.199.196.155
2019-06-13 23:40:31,timemach,128.199.196.155
2019-06-13 23:39:54,teamspea,200.51.41.227
2019-06-13 23:39:52,teamspea,200.51.41.227
2019-06-13 23:39:07,conectar,201.134.239.165
2019-06-13 23:39:05,conectar,201.134.239.165
2019-06-13 23:38:55,vz,128.ip-51-38-37.
2019-06-13 23:38:53,vz,128.ip-51-38-37.
2019-06-13 23:38:22,root,128.199.196.155
2019-06-13 23:37:29,temp,200.51.41.227
2019-06-13 23:37:27,temp,200.51.41.227
2019-06-13 23:37:07,andrewya,128.ip-51-38-37.
2019-06-13 23:37:04,andrewya,128.ip-51-38-37.
2019-06-13 23:37:03,iz,201.134.239.165
2019-06-13 23:37:02,iz,201.134.239.165
2019-06-13 23:36:15,root,128.199.196.155
2019-06-13 23:35:19,bananapi,128.ip-51-38-37.
2019-06-13 23:35:18,bananapi,128.ip-51-38-37.
2019-06-13 23:35:06,root,200.51.41.227
2019-06-13 23:35:03,david,201.134.239.165
2019-06-13 23:35:02,david,201.134.239.165
2019-06-13 23:34:09,root,128.199.196.155
2019-06-13 23:33:31,lisa,128.ip-51-38-37.
2019-06-13 23:33:29,lisa,128.ip-51-38-37.
2019-06-13 23:32:58,noc,201.134.239.165
2019-06-13 23:32:56,noc,201.134.239.165
2019-06-13 23:32:36,htmladm,200.51.41.227
2019-06-13 23:32:33,htmladm,200.51.41.227
2019-06-13 23:32:00,so,128.199.196.155
2019-06-13 23:31:58,so,128.199.196.155
2019-06-13 23:31:41,bl,128.ip-51-38-37.
2019-06-13 23:31:39,bl,128.ip-51-38-37.
2019-06-13 23:30:53,ariaantj,201.134.239.165
2019-06-13 23:30:52,ariaantj,201.134.239.165
2019-06-13 23:30:09,osm,200.51.41.227
2019-06-13 23:30:07,osm,200.51.41.227
2019-06-13 23:29:54,ea,128.ip-51-38-37.
2019-06-13 23:29:53,ea,128.ip-51-38-37.
2019-06-13 23:29:51,tudor,128.199.196.155
2019-06-13 23:29:50,tudor,128.199.196.155
2019-06-13 23:28:53,root,201.134.239.165
2019-06-13 23:28:05,john,128.ip-51-38-37.
2019-06-13 23:28:03,john,128.ip-51-38-37.
2019-06-13 23:27:48,ernest,200.51.41.227
2019-06-13 23:27:45,ernest,200.51.41.227
2019-06-13 23:27:43,sunsun,128.199.196.155
2019-06-13 23:27:41,sunsun,128.199.196.155
2019-06-13 23:26:46,pf,201.134.239.165
2019-06-13 23:26:43,pf,201.134.239.165
2019-06-13 23:26:11,www,128.ip-51-38-37.
2019-06-13 23:26:08,www,128.ip-51-38-37.
2019-06-13 23:25:32,junior,128.199.196.155
2019-06-13 23:25:30,junior,128.199.196.155
2019-06-13 23:25:21,root,200.51.41.227
2019-06-13 23:24:39,root,201.134.239.165
2019-06-13 23:24:22,zope,128.ip-51-38-37.
2019-06-13 23:24:20,zope,128.ip-51-38-37.
2019-06-13 23:23:24,james,128.199.196.155
2019-06-13 23:23:22,james,128.199.196.155
2019-06-13 23:22:59,mediafir,200.51.41.227
2019-06-13 23:22:58,mediafir,200.51.41.227
2019-06-13 23:22:39,git,201.134.239.165
2019-06-13 23:22:37,git,201.134.239.165
2019-06-13 23:22:36,mmm,128.ip-51-38-37.
2019-06-13 23:22:34,mmm,128.ip-51-38-37.
2019-06-13 23:21:17,mail,128.199.196.155
2019-06-13 23:20:46,edward,128.ip-51-38-37.
2019-06-13 23:20:44,edward,128.ip-51-38-37.
2019-06-13 23:20:35,root,201.134.239.165
2019-06-13 23:20:30,develope,200.51.41.227
2019-06-13 23:20:28,develope,200.51.41.227
2019-06-13 23:19:43,public,138.197.153.228
2019-06-13 23:19:41,public,138.197.153.228
2019-06-13 23:19:09,webalize,128.199.196.155
2019-06-13 23:19:06,webalize,128.199.196.155
2019-06-13 23:18:56,edt10243,128.ip-51-38-37.
2019-06-13 23:18:54,edt10243,128.ip-51-38-37.
2019-06-13 23:18:31,fagan,201.134.239.165
2019-06-13 23:18:29,fagan,201.134.239.165
2019-06-13 23:18:00,manager,200.51.41.227
2019-06-13 23:17:58,manager,200.51.41.227
2019-06-13 23:17:10,stephani,128.ip-51-38-37.
2019-06-13 23:17:08,stephani,128.ip-51-38-37.
2019-06-13 23:17:03,xq,128.199.196.155
2019-06-13 23:17:01,xq,128.199.196.155
2019-06-13 23:16:29,ely,201.134.239.165
2019-06-13 23:16:28,ely,201.134.239.165
2019-06-13 23:15:37,wwwrun,200.51.41.227
2019-06-13 23:15:35,wwwrun,200.51.41.227
2019-06-13 23:15:21,root,128.ip-51-38-37.
2019-06-13 23:14:56,postgres,128.199.196.155
2019-06-13 23:14:53,postgres,128.199.196.155
2019-06-13 23:14:23,moodle,201.134.239.165
2019-06-13 23:14:21,moodle,201.134.239.165
2019-06-13 23:13:28,oracle,128.ip-51-38-37.
2019-06-13 23:13:26,oracle,128.ip-51-38-37.
2019-06-13 23:13:13,lorraine,200.51.41.227
2019-06-13 23:13:11,lorraine,200.51.41.227
2019-06-13 23:12:44,admin,128.199.196.155
2019-06-13 23:12:42,admin,128.199.196.155
2019-06-13 23:12:17,td,201.134.239.165
2019-06-13 23:12:16,td,201.134.239.165
2019-06-13 23:11:42,root,128.ip-51-38-37.
2019-06-13 23:10:49,zope,200.51.41.227
2019-06-13 23:10:47,zope,200.51.41.227
2019-06-13 23:10:38,roby,128.199.196.155
2019-06-13 23:10:36,roby,128.199.196.155
2019-06-13 23:10:18,oli,201.134.239.165
2019-06-13 23:10:16,oli,201.134.239.165
2019-06-13 23:10:01,service,cbl-dhcp-73-075.
2019-06-13 23:09:59,service,cbl-dhcp-73-075.
2019-06-13 23:09:56,Manageme,128.ip-51-38-37.
2019-06-13 23:09:54,Manageme,128.ip-51-38-37.
2019-06-13 23:08:34,demarche,128.199.196.155
2019-06-13 23:08:32,demarche,128.199.196.155
2019-06-13 23:08:24,jamese,200.51.41.227
2019-06-13 23:08:23,jamese,200.51.41.227
2019-06-13 23:08:19,skkb,201.134.239.165
2019-06-13 23:08:17,skkb,201.134.239.165
2019-06-13 23:08:09,vsftpd,128.ip-51-38-37.
2019-06-13 23:08:07,vsftpd,128.ip-51-38-37.
2019-06-13 23:07:37,arul,cbl-dhcp-73-075.
2019-06-13 23:07:35,arul,cbl-dhcp-73-075.
2019-06-13 23:06:25,banks,128.199.196.155
2019-06-13 23:06:23,banks,128.199.196.155
2019-06-13 23:06:19,deng,128.ip-51-38-37.
2019-06-13 23:06:17,deng,128.ip-51-38-37.
2019-06-13 23:06:17,revan,201.134.239.165
2019-06-13 23:06:15,revan,201.134.239.165
2019-06-13 23:05:55,root,200.51.41.227
2019-06-13 23:05:13,bot,cbl-dhcp-73-075.
2019-06-13 23:05:11,bot,cbl-dhcp-73-075.
2019-06-13 23:04:32,xfs,128.ip-51-38-37.
2019-06-13 23:04:30,xfs,128.ip-51-38-37.
2019-06-13 23:04:18,root,128.199.196.155
2019-06-13 23:04:16,steve,201.134.239.165
2019-06-13 23:04:14,steve,201.134.239.165
2019-06-13 23:03:26,ii,200.51.41.227
2019-06-13 23:03:24,ii,200.51.41.227
2019-06-13 23:02:41,aaa,128.ip-51-38-37.
2019-06-13 23:02:39,aaa,128.ip-51-38-37.
2019-06-13 23:02:32,git,cbl-dhcp-73-075.
2019-06-13 23:02:30,git,cbl-dhcp-73-075.
2019-06-13 23:02:12,root,128.199.196.155
2019-06-13 23:02:07,user,201.134.239.165
2019-06-13 23:02:05,user,201.134.239.165
2019-06-13 23:01:02,root,200.51.41.227
2019-06-13 23:00:47,testman,128.ip-51-38-37.
2019-06-13 23:00:45,testman,128.ip-51-38-37.
2019-06-13 23:00:06,znc,cbl-dhcp-73-075.
2019-06-13 23:00:05,znc,cbl-dhcp-73-075.
2019-06-13 23:00:01,root,128.199.196.155
2019-06-13 23:00:00,job,201.134.239.165
2019-06-13 22:59:59,job,201.134.239.165
2019-06-13 22:58:59,xxxxxxxx,128.ip-51-38-37.
2019-06-13 22:58:57,xxxxxxxx,128.ip-51-38-37.
2019-06-13 22:58:40,patrick,200.51.41.227
2019-06-13 22:58:38,patrick,200.51.41.227
2019-06-13 22:57:58,rack,201.134.239.165
2019-06-13 22:57:56,rack,201.134.239.165
2019-06-13 22:57:52,django,128.199.196.155
2019-06-13 22:57:50,django,128.199.196.155
2019-06-13 22:57:46,diane,cbl-dhcp-73-075.
2019-06-13 22:57:43,diane,cbl-dhcp-73-075.
2019-06-13 22:57:16,root,128.ip-51-38-37.
2019-06-13 22:56:20,ftpuser1,200.51.41.227
2019-06-13 22:56:18,ftpuser1,200.51.41.227
2019-06-13 22:55:59,postfix,201.134.239.165
2019-06-13 22:55:57,postfix,201.134.239.165
2019-06-13 22:55:46,jeffrey,128.199.196.155
2019-06-13 22:55:44,jeffrey,128.199.196.155
2019-06-13 22:55:26,diane,128.ip-51-38-37.
2019-06-13 22:55:24,diane,128.ip-51-38-37.
2019-06-13 22:55:18,root,cbl-dhcp-73-075.
2019-06-13 22:53:56,matt,200.51.41.227
2019-06-13 22:53:54,matt,200.51.41.227
2019-06-13 22:53:52,music1,201.134.239.165
2019-06-13 22:53:50,music1,201.134.239.165
2019-06-13 22:53:38,citrate,128.199.196.155
2019-06-13 22:53:36,citrate,128.199.196.155
2019-06-13 22:53:36,weblogic,128.ip-51-38-37.
2019-06-13 22:53:34,weblogic,128.ip-51-38-37.
2019-06-13 22:52:49,root,cbl-dhcp-73-075.
2019-06-13 22:51:48,rounded,128.ip-51-38-37.
2019-06-13 22:51:47,monitor,201.134.239.165
2019-06-13 22:51:46,monitor,201.134.239.165
2019-06-13 22:51:45,rounded,128.ip-51-38-37.
2019-06-13 22:51:34,root,128.199.196.155
2019-06-13 22:51:32,info4,200.51.41.227
2019-06-13 22:51:30,info4,200.51.41.227
2019-06-13 22:50:27,robbin.s,cbl-dhcp-73-075.
2019-06-13 22:50:25,robbin.s,cbl-dhcp-73-075.
2019-06-13 22:50:00,theorist,128.ip-51-38-37.
2019-06-13 22:49:57,theorist,128.ip-51-38-37.
2019-06-13 22:49:37,adcuser,201.134.239.165
2019-06-13 22:49:34,adcuser,201.134.239.165
2019-06-13 22:49:25,root,128.199.196.155
2019-06-13 22:49:07,mn,200.51.41.227
2019-06-13 22:49:06,mn,200.51.41.227
2019-06-13 22:48:09,bo,128.ip-51-38-37.
2019-06-13 22:48:07,bo,128.ip-51-38-37.
2019-06-13 22:47:14,info2,128.199.196.155
2019-06-13 22:47:12,info2,128.199.196.155
2019-06-13 22:47:08,root,201.134.239.165
2019-06-13 22:46:41,root,200.51.41.227
2019-06-13 22:46:24,andy,128.ip-51-38-37.
2019-06-13 22:46:22,andy,128.ip-51-38-37.
2019-06-13 22:45:46,root,cbl-dhcp-73-075.
2019-06-13 22:45:07,hacluste,128.199.196.155
2019-06-13 22:45:05,hacluste,128.199.196.155
2019-06-13 22:44:48,tom,201.134.239.165
2019-06-13 22:44:46,tom,201.134.239.165
2019-06-13 22:44:40,city,128.ip-51-38-37.
2019-06-13 22:44:38,city,128.ip-51-38-37.
2019-06-13 22:44:23,smart,200.51.41.227
2019-06-13 22:44:22,smart,200.51.41.227
2019-06-13 22:43:29,cast,cbl-dhcp-73-075.
2019-06-13 22:43:27,cast,cbl-dhcp-73-075.
2019-06-13 22:43:00,root,128.199.196.155
2019-06-13 22:42:53,biman,128.ip-51-38-37.
2019-06-13 22:42:51,biman,128.ip-51-38-37.
2019-06-13 22:42:16,may,201.134.239.165
2019-06-13 22:42:14,may,201.134.239.165
2019-06-13 22:42:03,vboxuser,200.51.41.227
2019-06-13 22:42:01,vboxuser,200.51.41.227
2019-06-13 22:41:04,root,cbl-dhcp-73-075.
2019-06-13 22:41:03,ts3nodel,128.ip-51-38-37.
2019-06-13 22:41:01,ts3nodel,128.ip-51-38-37.
2019-06-13 22:40:50,viper,128.199.196.155
2019-06-13 22:40:48,viper,128.199.196.155
2019-06-13 22:39:42,caltech,200.51.41.227
2019-06-13 22:39:39,caltech,200.51.41.227
2019-06-13 22:39:30,gertruda,201.134.239.165
2019-06-13 22:39:28,gertruda,201.134.239.165
2019-06-13 22:39:15,ig,128.ip-51-38-37.
2019-06-13 22:39:14,ig,128.ip-51-38-37.
2019-06-13 22:38:44,edwin,128.199.196.155
2019-06-13 22:38:42,edwin,128.199.196.155
2019-06-13 22:38:36,holstein,cbl-dhcp-73-075.
2019-06-13 22:38:34,holstein,cbl-dhcp-73-075.
2019-06-13 22:37:29,test1,128.ip-51-38-37.
2019-06-13 22:37:27,test1,128.ip-51-38-37.
2019-06-13 22:37:20,insvis,200.51.41.227
2019-06-13 22:37:18,insvis,200.51.41.227
2019-06-13 22:36:59,default,201.134.239.165
2019-06-13 22:36:57,default,201.134.239.165
2019-06-13 22:36:38,lisa1,128.199.196.155
2019-06-13 22:36:37,lisa1,128.199.196.155
2019-06-13 22:36:10,root,cbl-dhcp-73-075.
2019-06-13 22:35:38,qz,128.ip-51-38-37.
2019-06-13 22:35:36,qz,128.ip-51-38-37.
2019-06-13 22:34:52,office,200.51.41.227
2019-06-13 22:34:50,office,200.51.41.227
2019-06-13 22:34:34,emily,201.134.239.165
2019-06-13 22:34:32,emily,201.134.239.165
2019-06-13 22:34:29,carey1,128.199.196.155
2019-06-13 22:34:26,carey1,128.199.196.155
2019-06-13 22:33:50,install,128.ip-51-38-37.
2019-06-13 22:33:48,install,128.ip-51-38-37.
2019-06-13 22:32:29,agneta,200.51.41.227
2019-06-13 22:32:28,agneta,200.51.41.227
2019-06-13 22:32:22,cyrus,128.199.196.155
2019-06-13 22:32:20,cyrus,128.199.196.155
2019-06-13 22:32:16,russ,201.134.239.165
2019-06-13 22:32:14,russ,201.134.239.165
2019-06-13 22:32:08,demo,128.ip-51-38-37.
2019-06-13 22:32:06,demo,128.ip-51-38-37.
2019-06-13 22:31:17,root,cbl-dhcp-73-075.
2019-06-13 22:30:26,ruth,128.ip-51-38-37.
2019-06-13 22:30:24,ruth,128.ip-51-38-37.
2019-06-13 22:30:16,beginner,128.199.196.155
2019-06-13 22:30:14,beginner,128.199.196.155
2019-06-13 22:30:09,iwizapp,200.51.41.227
2019-06-13 22:30:06,iwizapp,200.51.41.227
2019-06-13 22:30:02,libsys,201.134.239.165
2019-06-13 22:30:00,libsys,201.134.239.165
2019-06-13 22:28:37,root,128.ip-51-38-37.
2019-06-13 22:28:22,awt,lfbn-1-3487-231.
2019-06-13 22:28:19,awt,lfbn-1-3487-231.
2019-06-13 22:28:08,mailnull,128.199.196.155
2019-06-13 22:28:06,mailnull,128.199.196.155
2019-06-13 22:28:03,jason,catv-89-132-74-1
2019-06-13 22:28:01,jason,catv-89-132-74-1
2019-06-13 22:27:53,dohona,201.134.239.165
2019-06-13 22:27:50,dohona,201.134.239.165
2019-06-13 22:27:46,forsythe,200.51.41.227
2019-06-13 22:27:43,forsythe,200.51.41.227
2019-06-13 22:26:50,ccc,128.ip-51-38-37.
2019-06-13 22:26:48,ccc,128.ip-51-38-37.
2019-06-13 22:26:02,hw,128.199.196.155
2019-06-13 22:26:00,hw,128.199.196.155
2019-06-13 22:25:46,andra,201.134.239.165
2019-06-13 22:25:43,andra,201.134.239.165
2019-06-13 22:25:28,USERID,200.51.41.227
2019-06-13 22:25:25,USERID,200.51.41.227
2019-06-13 22:24:33,srv,128.ip-51-38-37.
2019-06-13 22:24:32,srv,128.ip-51-38-37.
2019-06-13 22:23:53,root,128.199.196.155
2019-06-13 22:23:40,NpC,201.134.239.165
2019-06-13 22:23:38,NpC,201.134.239.165
2019-06-13 22:23:03,spark,200.51.41.227
2019-06-13 22:23:01,spark,200.51.41.227
2019-06-13 22:21:45,pou,cbl-dhcp-73-075.
2019-06-13 22:21:44,pou,cbl-dhcp-73-075.
2019-06-13 22:21:41,mailman1,128.199.196.155
2019-06-13 22:21:39,mailman1,128.199.196.155
2019-06-13 22:21:33,alias,201.134.239.165
2019-06-13 22:21:31,alias,201.134.239.165
2019-06-13 22:20:36,mou,200.51.41.227
2019-06-13 22:20:34,mou,200.51.41.227
2019-06-13 22:19:36,operator,201.134.239.165
2019-06-13 22:19:35,operator,201.134.239.165
2019-06-13 22:19:33,ethos,128.199.196.155
2019-06-13 22:19:31,ethos,128.199.196.155
2019-06-13 22:19:23,campani,cbl-dhcp-73-075.
2019-06-13 22:19:21,campani,cbl-dhcp-73-075.
2019-06-13 22:18:23,adil,206.189.136.160
2019-06-13 22:18:20,adil,206.189.136.160
2019-06-13 22:18:14,lamer,200.51.41.227
2019-06-13 22:18:13,lamer,200.51.41.227
2019-06-13 22:17:39,root,201.134.239.165
2019-06-13 22:17:29,klaus,128.199.196.155
2019-06-13 22:17:26,klaus,128.199.196.155
2019-06-13 22:17:01,root,cbl-dhcp-73-075.
2019-06-13 22:15:50,doug,200.51.41.227
2019-06-13 22:15:48,doug,200.51.41.227
2019-06-13 22:15:38,smbguest,201.134.239.165
2019-06-13 22:15:36,smbguest,201.134.239.165
2019-06-13 22:15:22,huai,128.199.196.155
2019-06-13 22:15:20,huai,128.199.196.155
2019-06-13 22:14:38,karina,cbl-dhcp-73-075.
2019-06-13 22:14:36,karina,cbl-dhcp-73-075.
2019-06-13 22:13:30,root,200.51.41.227
2019-06-13 22:13:29,weblogic,201.134.239.165
2019-06-13 22:13:27,weblogic,201.134.239.165
2019-06-13 22:13:17,tests,128.199.196.155
2019-06-13 22:13:14,tests,128.199.196.155
2019-06-13 22:12:17,service,cbl-dhcp-73-075.
2019-06-13 22:12:15,service,cbl-dhcp-73-075.
2019-06-13 22:11:23,guest,201.134.239.165
2019-06-13 22:11:21,guest,201.134.239.165
2019-06-13 22:11:10,amanda,128.199.196.155
2019-06-13 22:11:09,butter,200.51.41.227
2019-06-13 22:11:07,amanda,128.199.196.155
2019-06-13 22:11:07,butter,200.51.41.227
2019-06-13 22:09:52,freebsd,cbl-dhcp-73-075.
2019-06-13 22:09:50,freebsd,cbl-dhcp-73-075.
2019-06-13 22:08:57,sshd,128.199.196.155
2019-06-13 22:08:44,cacti,200.51.41.227
2019-06-13 22:08:42,cacti,200.51.41.227
2019-06-13 22:07:28,root,cbl-dhcp-73-075.
2019-06-13 22:06:47,postfix,128.199.196.155
2019-06-13 22:06:46,postfix,128.199.196.155
2019-06-13 22:06:20,alin,200.51.41.227
2019-06-13 22:06:18,alin,200.51.41.227
2019-06-13 22:05:11,root,cbl-dhcp-73-075.
2019-06-13 22:04:39,caspar,128.199.196.155
2019-06-13 22:04:37,caspar,128.199.196.155
2019-06-13 22:03:57,ubiqube,200.51.41.227
2019-06-13 22:03:55,ubiqube,200.51.41.227
2019-06-13 22:02:50,client,cbl-dhcp-73-075.
2019-06-13 22:02:48,client,cbl-dhcp-73-075.
2019-06-13 22:02:32,ftpdata,128.199.196.155
2019-06-13 22:02:30,ftpdata,128.199.196.155
2019-06-13 22:01:35,susanne,200.51.41.227
2019-06-13 22:01:33,susanne,200.51.41.227
2019-06-13 22:00:29,deborah,cbl-dhcp-73-075.
2019-06-13 22:00:29,corp,128.199.196.155
2019-06-13 22:00:28,deborah,cbl-dhcp-73-075.
2019-06-13 22:00:27,corp,128.199.196.155
2019-06-13 21:59:17,albertha,200.51.41.227
2019-06-13 21:59:15,albertha,200.51.41.227
2019-06-13 21:58:25,project,128.199.196.155
2019-06-13 21:58:23,project,128.199.196.155
2019-06-13 21:58:12,ccc,cbl-dhcp-73-075.
2019-06-13 21:58:10,ccc,cbl-dhcp-73-075.
2019-06-13 21:56:56,colord,200.51.41.227
2019-06-13 21:56:54,colord,200.51.41.227
2019-06-13 21:56:16,tom,128.199.196.155
2019-06-13 21:56:15,tom,128.199.196.155
2019-06-13 21:55:52,root,cbl-dhcp-73-075.
2019-06-13 21:54:32,duan,200.51.41.227
2019-06-13 21:54:30,duan,200.51.41.227
2019-06-13 21:54:09,kevin,128.199.196.155
2019-06-13 21:54:07,kevin,128.199.196.155
2019-06-13 21:53:36,git,cbl-dhcp-73-075.
2019-06-13 21:53:34,git,cbl-dhcp-73-075.
2019-06-13 21:52:01,magic1,128.199.196.155
2019-06-13 21:51:59,magic1,128.199.196.155
2019-06-13 21:51:17,hector,cbl-dhcp-73-075.
2019-06-13 21:51:15,hector,cbl-dhcp-73-075.
2019-06-13 21:49:53,gabriel,128.199.196.155
2019-06-13 21:49:51,gabriel,128.199.196.155
2019-06-13 21:49:48,root,200.51.41.227
2019-06-13 21:47:47,root,128.199.196.155
2019-06-13 21:46:39,test,cbl-dhcp-73-075.
2019-06-13 21:46:37,test,cbl-dhcp-73-075.
2019-06-13 21:46:28,nokia,172.108.154.2
2019-06-13 21:46:25,nokia,172.108.154.2
2019-06-13 21:45:44,brian,128.199.196.155
2019-06-13 21:45:42,brian,128.199.196.155
2019-06-13 21:44:38,lucia,172.108.154.2
2019-06-13 21:44:35,lucia,172.108.154.2
2019-06-13 21:44:19,server1,cbl-dhcp-73-075.
2019-06-13 21:44:17,server1,cbl-dhcp-73-075.
2019-06-13 21:43:34,geena,128.199.196.155
2019-06-13 21:43:32,geena,128.199.196.155
2019-06-13 21:42:49,test,172.108.154.2
2019-06-13 21:42:47,test,172.108.154.2
2019-06-13 21:42:00,larry,cbl-dhcp-73-075.
2019-06-13 21:41:58,larry,cbl-dhcp-73-075.
2019-06-13 21:41:26,weblogic,128.199.196.155
2019-06-13 21:41:24,weblogic,128.199.196.155
2019-06-13 21:41:03,user,172.108.154.2
2019-06-13 21:41:01,user,172.108.154.2
2019-06-13 21:39:43,cychen,cbl-dhcp-73-075.
2019-06-13 21:39:41,cychen,cbl-dhcp-73-075.
2019-06-13 21:39:19,bwadmin,128.199.196.155
2019-06-13 21:39:18,bwadmin,128.199.196.155
2019-06-13 21:39:15,gregory,172.108.154.2
2019-06-13 21:39:12,gregory,172.108.154.2
2019-06-13 21:37:23,postgres,cbl-dhcp-73-075.
2019-06-13 21:37:23,var,172.108.154.2
2019-06-13 21:37:21,postgres,cbl-dhcp-73-075.
2019-06-13 21:37:21,var,172.108.154.2
2019-06-13 21:37:11,carlitos,128.199.196.155
2019-06-13 21:37:09,carlitos,128.199.196.155
2019-06-13 21:35:31,samba,172.108.154.2
2019-06-13 21:35:29,samba,172.108.154.2
2019-06-13 21:35:06,adam1,128.199.196.155
2019-06-13 21:35:04,adam1,128.199.196.155
2019-06-13 21:35:04,zg,cbl-dhcp-73-075.
2019-06-13 21:35:02,zg,cbl-dhcp-73-075.
2019-06-13 21:33:40,andras,172.108.154.2
2019-06-13 21:33:38,andras,172.108.154.2
2019-06-13 21:33:00,ibmadrc,128.199.196.155
2019-06-13 21:32:58,ibmadrc,128.199.196.155
2019-06-13 21:31:51,mail,172.108.154.2
2019-06-13 21:30:51,root,128.199.196.155
2019-06-13 21:30:26,webmaste,cbl-dhcp-73-075.
2019-06-13 21:30:24,webmaste,cbl-dhcp-73-075.
2019-06-13 21:30:03,root,172.108.154.2
2019-06-13 21:28:52,root,179.184.66.213
2019-06-13 21:28:42,rafal,128.199.196.155
2019-06-13 21:28:39,rafal,128.199.196.155
2019-06-13 21:28:18,root,172.108.154.2
2019-06-13 21:28:09,web1,cbl-dhcp-73-075.
2019-06-13 21:28:07,web1,cbl-dhcp-73-075.
2019-06-13 21:26:35,root,128.199.196.155
2019-06-13 21:26:32,yun,172.108.154.2
2019-06-13 21:26:29,yun,172.108.154.2
2019-06-13 21:25:49,dev,cbl-dhcp-73-075.
2019-06-13 21:25:47,dev,cbl-dhcp-73-075.
2019-06-13 21:24:41,hi,172.108.154.2
2019-06-13 21:24:39,hi,172.108.154.2
2019-06-13 21:24:28,moose,128.199.196.155
2019-06-13 21:24:25,moose,128.199.196.155
2019-06-13 21:23:29,customer,cbl-dhcp-73-075.
2019-06-13 21:23:27,customer,cbl-dhcp-73-075.
2019-06-13 21:22:50,ej,172.108.154.2
2019-06-13 21:22:49,ej,172.108.154.2
2019-06-13 21:22:22,aa,128.199.196.155
2019-06-13 21:22:20,aa,128.199.196.155
2019-06-13 21:21:10,test1,cbl-dhcp-73-075.
2019-06-13 21:21:08,test1,cbl-dhcp-73-075.
2019-06-13 21:20:59,client,172.108.154.2
2019-06-13 21:20:58,client,172.108.154.2
2019-06-13 21:20:15,angela,128.199.196.155
2019-06-13 21:20:12,angela,128.199.196.155
2019-06-13 21:19:10,bsoldo,172.108.154.2
2019-06-13 21:19:07,bsoldo,172.108.154.2
2019-06-13 21:18:51,man,cbl-dhcp-73-075.
2019-06-13 21:18:04,root,128.199.196.155
2019-06-13 21:17:22,master,172.108.154.2
2019-06-13 21:17:20,master,172.108.154.2
2019-06-13 21:16:28,admin,cbl-dhcp-73-075.
2019-06-13 21:16:27,admin,cbl-dhcp-73-075.
2019-06-13 21:15:53,broderic,128.199.196.155
2019-06-13 21:15:51,broderic,128.199.196.155
2019-06-13 21:15:35,chpark,172.108.154.2
2019-06-13 21:15:34,chpark,172.108.154.2
2019-06-13 21:14:10,jboss,cbl-dhcp-73-075.
2019-06-13 21:14:08,jboss,cbl-dhcp-73-075.
2019-06-13 21:13:48,root,172.108.154.2
2019-06-13 21:13:44,rpm,128.199.196.155
2019-06-13 21:13:42,rpm,128.199.196.155
2019-06-13 21:11:57,one,172.108.154.2
2019-06-13 21:11:55,one,172.108.154.2
2019-06-13 21:11:51,uftp,cbl-dhcp-73-075.
2019-06-13 21:11:49,uftp,cbl-dhcp-73-075.
2019-06-13 21:11:37,test,128.199.196.155
2019-06-13 21:11:35,test,128.199.196.155
2019-06-13 21:10:07,dsjnote,172.108.154.2
2019-06-13 21:10:05,dsjnote,172.108.154.2
2019-06-13 21:09:35,tests,128.199.196.155
2019-06-13 21:09:33,www-data,cbl-dhcp-73-075.
2019-06-13 21:09:33,tests,128.199.196.155
2019-06-13 21:08:16,cacti,172.108.154.2
2019-06-13 21:08:14,cacti,172.108.154.2
2019-06-13 21:07:29,carol,128.199.196.155
2019-06-13 21:07:27,carol,128.199.196.155
2019-06-13 21:07:15,morley,cbl-dhcp-73-075.
2019-06-13 21:07:14,morley,cbl-dhcp-73-075.
2019-06-13 21:06:27,test,172.108.154.2
2019-06-13 21:06:25,test,172.108.154.2
2019-06-13 21:05:22,aurorapq,128.199.196.155
2019-06-13 21:05:20,aurorapq,128.199.196.155
2019-06-13 21:04:39,irc,172.108.154.2
2019-06-13 21:03:14,root,128.199.196.155
2019-06-13 21:02:53,neo,172.108.154.2
2019-06-13 21:02:51,neo,172.108.154.2
2019-06-13 21:02:37,hadoop,cbl-dhcp-73-075.
2019-06-13 21:02:35,hadoop,cbl-dhcp-73-075.
2019-06-13 21:01:05,netdump,128.199.196.155
2019-06-13 21:01:05,wwwdata,172.108.154.2
2019-06-13 21:01:04,netdump,128.199.196.155
2019-06-13 21:01:04,wwwdata,172.108.154.2
2019-06-13 21:00:53,hurt,68.183.150.54
2019-06-13 21:00:51,hurt,68.183.150.54
2019-06-13 21:00:19,test,cbl-dhcp-73-075.
2019-06-13 21:00:16,test,cbl-dhcp-73-075.
2019-06-13 20:59:16,annlis,172.108.154.2
2019-06-13 20:59:14,annlis,172.108.154.2
2019-06-13 20:58:58,zope,128.199.196.155
2019-06-13 20:58:56,zope,128.199.196.155
2019-06-13 20:58:00,lv,cbl-dhcp-73-075.
2019-06-13 20:57:58,lv,cbl-dhcp-73-075.
2019-06-13 20:57:25,amanda,172.108.154.2
2019-06-13 20:57:23,amanda,172.108.154.2
2019-06-13 20:56:54,song,128.199.196.155
2019-06-13 20:56:52,song,128.199.196.155
2019-06-13 20:55:41,dockerus,cbl-dhcp-73-075.
2019-06-13 20:55:39,dockerus,cbl-dhcp-73-075.
2019-06-13 20:55:33,stevan,172.108.154.2
2019-06-13 20:55:32,stevan,172.108.154.2
2019-06-13 20:54:49,wwwdata,128.199.196.155
2019-06-13 20:54:47,wwwdata,128.199.196.155
2019-06-13 20:53:43,root,172.108.154.2
2019-06-13 20:53:22,upload1,cbl-dhcp-73-075.
2019-06-13 20:53:20,upload1,cbl-dhcp-73-075.
2019-06-13 20:52:42,teamspea,128.199.196.155
2019-06-13 20:52:39,teamspea,128.199.196.155
2019-06-13 20:51:54,7days,172.108.154.2
2019-06-13 20:51:52,7days,172.108.154.2
2019-06-13 20:51:03,tes,cbl-dhcp-73-075.
2019-06-13 20:51:01,tes,cbl-dhcp-73-075.
2019-06-13 20:50:35,dustup,128.199.196.155
2019-06-13 20:50:33,dustup,128.199.196.155
2019-06-13 20:50:08,dabdallx,172.108.154.2
2019-06-13 20:50:06,dabdallx,172.108.154.2
2019-06-13 20:48:45,usuario,cbl-dhcp-73-075.
2019-06-13 20:48:43,usuario,cbl-dhcp-73-075.
2019-06-13 20:48:30,love,128.199.196.155
2019-06-13 20:48:28,love,128.199.196.155
2019-06-13 20:48:21,acovitz,172.108.154.2
2019-06-13 20:48:19,acovitz,172.108.154.2
2019-06-13 20:46:29,root,172.108.154.2
2019-06-13 20:46:24,lun,cbl-dhcp-73-075.
2019-06-13 20:46:22,lun,cbl-dhcp-73-075.
2019-06-13 20:46:21,root,128.199.196.155
2019-06-13 20:44:38,www,172.108.154.2
2019-06-13 20:44:37,www,172.108.154.2
2019-06-13 20:44:18,disk,128.199.196.155
2019-06-13 20:44:15,disk,128.199.196.155
2019-06-13 20:42:48,root,172.108.154.2
2019-06-13 20:42:13,florida,128.199.196.155
2019-06-13 20:42:11,florida,128.199.196.155
2019-06-13 20:41:47,service,cbl-dhcp-73-075.
2019-06-13 20:41:44,service,cbl-dhcp-73-075.
2019-06-13 20:40:53,games,172.108.154.2
2019-06-13 20:40:05,dentardr,128.199.196.155
2019-06-13 20:40:02,dentardr,128.199.196.155
2019-06-13 20:39:28,root,cbl-dhcp-73-075.
2019-06-13 20:39:03,root,172.108.154.2
2019-06-13 20:37:57,root,128.199.196.155
2019-06-13 20:37:16,chandru,172.108.154.2
2019-06-13 20:37:14,chandru,172.108.154.2
2019-06-13 20:37:09,ian,cbl-dhcp-73-075.
2019-06-13 20:37:06,ian,cbl-dhcp-73-075.
2019-06-13 20:35:53,git,128.199.196.155
2019-06-13 20:35:51,git,128.199.196.155
2019-06-13 20:35:28,iag,172.108.154.2
2019-06-13 20:35:25,iag,172.108.154.2
2019-06-13 20:33:47,pj,128.199.196.155
2019-06-13 20:33:45,pj,128.199.196.155
2019-06-13 20:33:36,zeppelin,172.108.154.2
2019-06-13 20:33:34,zeppelin,172.108.154.2
2019-06-13 20:32:28,sales,cbl-dhcp-73-075.
2019-06-13 20:32:27,sales,cbl-dhcp-73-075.
2019-06-13 20:31:48,adam,172.108.154.2
2019-06-13 20:31:47,adam,172.108.154.2
2019-06-13 20:31:46,sshdsshd,89.36.215.178
2019-06-13 20:31:44,sshdsshd,89.36.215.178
2019-06-13 20:31:43,root,128.199.196.155
2019-06-13 20:30:12,erin,cbl-dhcp-73-075.
2019-06-13 20:30:09,erin,cbl-dhcp-73-075.
2019-06-13 20:29:59,lab,172.108.154.2
2019-06-13 20:29:56,lab,172.108.154.2
2019-06-13 20:29:39,tampakid,128.199.196.155
2019-06-13 20:29:36,tampakid,128.199.196.155
2019-06-13 20:28:03,console,172.108.154.2
2019-06-13 20:28:01,console,172.108.154.2
2019-06-13 20:27:28,ispconfi,128.199.196.155
2019-06-13 20:27:26,ispconfi,128.199.196.155
2019-06-13 20:26:15,fptuser,172.108.154.2
2019-06-13 20:26:13,fptuser,172.108.154.2
2019-06-13 20:25:20,thug,128.199.196.155
2019-06-13 20:25:18,thug,128.199.196.155
2019-06-13 20:24:29,Cisco,172.108.154.2
2019-06-13 20:24:27,Cisco,172.108.154.2
2019-06-13 20:23:16,party,128.199.196.155
2019-06-13 20:23:14,party,128.199.196.155
2019-06-13 20:23:10,admin,cbl-dhcp-73-075.
2019-06-13 20:23:08,admin,cbl-dhcp-73-075.
2019-06-13 20:22:42,den,172.108.154.2
2019-06-13 20:22:40,den,172.108.154.2
2019-06-13 20:21:12,picaso,128.199.196.155
2019-06-13 20:21:10,picaso,128.199.196.155
2019-06-13 20:20:50,evandro7,172.108.154.2
2019-06-13 20:20:48,larry,cbl-dhcp-73-075.
2019-06-13 20:20:48,evandro7,172.108.154.2
2019-06-13 20:20:46,larry,cbl-dhcp-73-075.
2019-06-13 20:19:11,bram,128.199.196.155
2019-06-13 20:19:09,bram,128.199.196.155
2019-06-13 20:19:00,man,172.108.154.2
2019-06-13 20:18:29,www-data,cbl-dhcp-73-075.
2019-06-13 20:17:09,test,128.199.196.155
2019-06-13 20:17:09,amavis,172.108.154.2
2019-06-13 20:17:08,test,128.199.196.155
2019-06-13 20:17:08,amavis,172.108.154.2
2019-06-13 20:16:10,postfix,cbl-dhcp-73-075.
2019-06-13 20:16:07,postfix,cbl-dhcp-73-075.
2019-06-13 20:15:12,helpdesk,172.108.154.2
2019-06-13 20:15:09,helpdesk,172.108.154.2
2019-06-13 20:15:00,hibernia,128.199.196.155
2019-06-13 20:14:58,hibernia,128.199.196.155
2019-06-13 20:13:50,postgres,cbl-dhcp-73-075.
2019-06-13 20:13:48,postgres,cbl-dhcp-73-075.
2019-06-13 20:13:23,oracle,172.108.154.2
2019-06-13 20:13:21,oracle,172.108.154.2
2019-06-13 20:11:37,root,172.108.154.2
2019-06-13 20:11:32,ll,cbl-dhcp-73-075.
2019-06-13 20:11:30,ll,cbl-dhcp-73-075.
2019-06-13 20:11:00,majordom,128.199.196.155
2019-06-13 20:10:58,majordom,128.199.196.155
2019-06-13 20:09:47,sybase,172.108.154.2
2019-06-13 20:09:46,sybase,172.108.154.2
2019-06-13 20:09:12,support,cbl-dhcp-73-075.
2019-06-13 20:09:09,support,cbl-dhcp-73-075.
2019-06-13 20:07:57,sales1,172.108.154.2
2019-06-13 20:07:55,sales1,172.108.154.2
2019-06-13 20:06:51,oradev,cbl-dhcp-73-075.
2019-06-13 20:06:49,oradev,cbl-dhcp-73-075.
2019-06-13 20:06:08,tt,172.108.154.2
2019-06-13 20:06:07,tt,172.108.154.2
2019-06-13 20:04:35,godzilla,cbl-dhcp-73-075.
2019-06-13 20:04:32,godzilla,cbl-dhcp-73-075.
2019-06-13 20:04:17,yu,172.108.154.2
2019-06-13 20:04:14,yu,172.108.154.2
2019-06-13 20:02:20,bob,172.108.154.2
2019-06-13 20:02:18,bob,172.108.154.2
2019-06-13 20:02:11,newharmo,cbl-dhcp-73-075.
2019-06-13 20:02:08,newharmo,cbl-dhcp-73-075.
2019-06-13 20:00:31,nas,172.108.154.2
2019-06-13 20:00:29,nas,172.108.154.2
2019-06-13 19:59:53,hayden,cbl-dhcp-73-075.
2019-06-13 19:59:51,hayden,cbl-dhcp-73-075.
2019-06-13 19:58:46,admin,172.108.154.2
2019-06-13 19:58:43,admin,172.108.154.2
2019-06-13 19:56:58,student,172.108.154.2
2019-06-13 19:56:55,student,172.108.154.2
2019-06-13 19:55:14,majordom,cbl-dhcp-73-075.
2019-06-13 19:55:12,majordom,cbl-dhcp-73-075.
2019-06-13 19:55:05,john,172.108.154.2
2019-06-13 19:55:03,john,172.108.154.2
2019-06-13 19:53:16,rob,172.108.154.2
2019-06-13 19:53:14,rob,172.108.154.2
2019-06-13 19:52:56,root,cbl-dhcp-73-075.
2019-06-13 19:51:24,info,172.108.154.2
2019-06-13 19:51:23,info,172.108.154.2
2019-06-13 19:50:35,arne,cbl-dhcp-73-075.
2019-06-13 19:50:32,arne,cbl-dhcp-73-075.
2019-06-13 19:49:29,riley,172.108.154.2
2019-06-13 19:49:27,riley,172.108.154.2
2019-06-13 19:48:15,bamboo,cbl-dhcp-73-075.
2019-06-13 19:48:13,bamboo,cbl-dhcp-73-075.
2019-06-13 19:47:40,root,172.108.154.2
2019-06-13 19:45:57,neel,cbl-dhcp-73-075.
2019-06-13 19:45:56,www-data,172.108.154.2
2019-06-13 19:45:56,neel,cbl-dhcp-73-075.
2019-06-13 19:44:07,test,172.108.154.2
2019-06-13 19:44:05,test,172.108.154.2
2019-06-13 19:43:38,root,cbl-dhcp-73-075.
2019-06-13 19:42:19,mt,172.108.154.2
2019-06-13 19:42:17,mt,172.108.154.2
2019-06-13 19:41:17,tomcat,cbl-dhcp-73-075.
2019-06-13 19:41:16,tomcat,cbl-dhcp-73-075.
2019-06-13 19:40:33,inweb,172.108.154.2
2019-06-13 19:40:31,inweb,172.108.154.2
2019-06-13 19:39:26,design,142.93.211.31
2019-06-13 19:39:24,design,142.93.211.31
2019-06-13 19:38:57,sync,cbl-dhcp-73-075.
2019-06-13 19:38:42,campani,172.108.154.2
2019-06-13 19:38:40,campani,172.108.154.2
2019-06-13 19:36:48,mason,172.108.154.2
2019-06-13 19:36:46,mason,172.108.154.2
2019-06-13 19:35:02,root,172.108.154.2
2019-06-13 19:34:19,raghu,cbl-dhcp-73-075.
2019-06-13 19:34:17,raghu,cbl-dhcp-73-075.
2019-06-13 19:33:20,war,172.108.154.2
2019-06-13 19:33:19,war,172.108.154.2
2019-06-13 19:32:03,info2,cbl-dhcp-73-075.
2019-06-13 19:32:00,info2,cbl-dhcp-73-075.
2019-06-13 19:31:35,root,172.108.154.2
2019-06-13 19:29:49,root,172.108.154.2
2019-06-13 19:29:43,lucky,cbl-dhcp-73-075.
2019-06-13 19:29:41,lucky,cbl-dhcp-73-075.
2019-06-13 19:28:05,carl,172.108.154.2
2019-06-13 19:28:03,carl,172.108.154.2
2019-06-13 19:27:28,zu,cbl-dhcp-73-075.
2019-06-13 19:27:26,zu,cbl-dhcp-73-075.
2019-06-13 19:26:15,mailman,172.108.154.2
2019-06-13 19:26:13,mailman,172.108.154.2
2019-06-13 19:25:01,jenny,cbl-dhcp-73-075.
2019-06-13 19:24:59,jenny,cbl-dhcp-73-075.
2019-06-13 19:24:20,root,172.108.154.2
2019-06-13 19:22:29,accounts,172.108.154.2
2019-06-13 19:22:26,accounts,172.108.154.2
2019-06-13 19:21:59,root,cbl-dhcp-73-075.
2019-06-13 19:20:45,root,172.108.154.2
2019-06-13 19:18:57,operator,172.108.154.2
2019-06-13 19:18:55,operator,172.108.154.2
2019-06-13 19:17:09,windows,172.108.154.2
2019-06-13 19:17:07,windows,172.108.154.2
2019-06-13 19:15:25,majordom,172.108.154.2
2019-06-13 19:15:23,majordom,172.108.154.2
2019-06-13 19:13:35,theodore,172.108.154.2
2019-06-13 19:13:34,theodore,172.108.154.2
2019-06-13 19:11:48,control,159.65.242.16
2019-06-13 19:11:46,control,159.65.242.16
2019-06-13 19:11:43,upload,172.108.154.2
2019-06-13 19:11:41,upload,172.108.154.2
2019-06-13 19:09:51,roel,172.108.154.2
2019-06-13 19:09:49,roel,172.108.154.2
2019-06-13 19:08:08,user1,172.108.154.2
2019-06-13 19:08:06,user1,172.108.154.2
2019-06-13 19:06:21,root,172.108.154.2
2019-06-13 19:05:20,postgres,103.23.100.217
2019-06-13 19:05:18,postgres,103.23.100.217
2019-06-13 19:04:31,guest,172.108.154.2
2019-06-13 19:04:29,guest,172.108.154.2
2019-06-13 19:02:43,git,172.108.154.2
2019-06-13 19:02:41,git,172.108.154.2
2019-06-13 19:00:54,griff,172.108.154.2
2019-06-13 19:00:52,griff,172.108.154.2
2019-06-13 18:59:22,sysop,190.246.27.248
2019-06-13 18:59:19,sysop,190.246.27.248
2019-06-13 18:59:03,jira,172.108.154.2
2019-06-13 18:59:00,jira,172.108.154.2
2019-06-13 18:57:15,games,172.108.154.2
2019-06-13 18:55:32,gitblit,172.108.154.2
2019-06-13 18:55:31,gitblit,172.108.154.2
2019-06-13 18:53:49,angel,172.108.154.2
2019-06-13 18:53:46,angel,172.108.154.2
2019-06-13 18:52:03,hou,172.108.154.2
2019-06-13 18:52:01,hou,172.108.154.2
2019-06-13 18:50:18,root,172.108.154.2
2019-06-13 18:48:32,ue,172.108.154.2
2019-06-13 18:48:29,ue,172.108.154.2
2019-06-13 18:45:09,printer,178.128.79.169
2019-06-13 18:45:07,printer,178.128.79.169
2019-06-13 18:44:02,tokoyama,172.108.154.2
2019-06-13 18:44:00,tokoyama,172.108.154.2
2019-06-13 18:39:41,srvadmin,201.216.193.65
2019-06-13 18:39:40,srvadmin,201.216.193.65
2019-06-13 17:38:05,alex,80.86.83.18
2019-06-13 17:38:03,alex,80.86.83.18
2019-06-13 16:59:27,admin,46.pool85-57-27.
2019-06-13 16:59:25,admin,46.pool85-57-27.
2019-06-13 16:20:20,root,165.227.10.163
2019-06-13 16:18:43,guest,mail.aguanortsrl
2019-06-13 16:18:41,guest,mail.aguanortsrl
2019-06-13 16:18:23,elizabet,165.227.10.163
2019-06-13 16:18:21,elizabet,165.227.10.163
2019-06-13 16:17:25,ftpuser,122.154.134.38
2019-06-13 16:17:23,ftpuser,122.154.134.38
2019-06-13 16:16:33,bmcr,165.227.10.163
2019-06-13 16:16:31,bmcr,165.227.10.163
2019-06-13 16:14:43,root,165.227.10.163
2019-06-13 16:12:50,nagios,165.227.10.163
2019-06-13 16:12:47,nagios,165.227.10.163
2019-06-13 16:10:58,download,165.227.10.163
2019-06-13 16:10:56,download,165.227.10.163
2019-06-13 16:09:07,pasto,165.227.10.163
2019-06-13 16:09:05,pasto,165.227.10.163
2019-06-13 16:07:10,ftpuser,165.227.10.163
2019-06-13 16:07:08,ftpuser,165.227.10.163
2019-06-13 16:05:14,cp,165.227.10.163
2019-06-13 16:05:12,cp,165.227.10.163
2019-06-13 16:05:02,proftpd,215.ip-51-255-17
2019-06-13 16:04:59,proftpd,215.ip-51-255-17
2019-06-13 16:03:23,tpimuser,165.227.10.163
2019-06-13 16:03:21,tpimuser,165.227.10.163
2019-06-13 16:01:31,ulva,165.227.10.163
2019-06-13 16:01:28,ulva,165.227.10.163
2019-06-13 16:01:22,nagios,178.128.195.6
2019-06-13 16:01:20,nagios,178.128.195.6
2019-06-13 15:59:37,svnuser,165.227.10.163
2019-06-13 15:59:35,svnuser,165.227.10.163
2019-06-13 15:57:46,webporta,165.227.10.163
2019-06-13 15:57:44,webporta,165.227.10.163
2019-06-13 15:55:53,trevor,165.227.10.163
2019-06-13 15:55:51,trevor,165.227.10.163
2019-06-13 15:53:55,dbus,165.227.10.163
2019-06-13 15:53:53,dbus,165.227.10.163
2019-06-13 15:52:02,majordom,165.227.10.163
2019-06-13 15:52:00,majordom,165.227.10.163
2019-06-13 15:50:12,amavis1,165.227.10.163
2019-06-13 15:50:10,amavis1,165.227.10.163
2019-06-13 15:48:18,cperez,165.227.10.163
2019-06-13 15:48:16,cperez,165.227.10.163
2019-06-13 15:46:25,cast,165.227.10.163
2019-06-13 15:46:23,cast,165.227.10.163
2019-06-13 15:44:34,odoo,165.227.10.163
2019-06-13 15:44:33,odoo,165.227.10.163
2019-06-13 15:42:42,buyse,165.227.10.163
2019-06-13 15:42:40,buyse,165.227.10.163
2019-06-13 15:40:44,sybase,165.227.10.163
2019-06-13 15:40:42,sybase,165.227.10.163
2019-06-13 15:38:50,majordom,165.227.10.163
2019-06-13 15:38:47,majordom,165.227.10.163
2019-06-13 15:36:56,root,165.227.10.163
2019-06-13 15:35:02,hannes,165.227.10.163
2019-06-13 15:35:01,hannes,165.227.10.163
2019-06-13 15:33:10,root,165.227.10.163
2019-06-13 15:31:20,root,165.227.10.163
2019-06-13 15:29:24,riley,165.227.10.163
2019-06-13 15:29:22,riley,165.227.10.163
2019-06-13 15:27:29,ts3sinus,165.227.10.163
2019-06-13 15:27:27,ts3sinus,165.227.10.163
2019-06-13 15:25:35,admin,165.227.10.163
2019-06-13 15:25:33,admin,165.227.10.163
2019-06-13 15:23:42,hanna,165.227.10.163
2019-06-13 15:23:40,hanna,165.227.10.163
2019-06-13 15:21:46,scxu,165.227.10.163
2019-06-13 15:21:44,scxu,165.227.10.163
2019-06-13 15:19:52,root,165.227.10.163
2019-06-13 15:17:59,lisa1,165.227.10.163
2019-06-13 15:17:57,lisa1,165.227.10.163
2019-06-13 15:16:01,info1,165.227.10.163
2019-06-13 15:16:00,info1,165.227.10.163
2019-06-13 15:14:06,qf,165.227.10.163
2019-06-13 15:14:05,qf,165.227.10.163
2019-06-13 15:12:13,bunleong,165.227.10.163
2019-06-13 15:12:11,bunleong,165.227.10.163
2019-06-13 15:10:19,otrs,165.227.10.163
2019-06-13 15:10:16,otrs,165.227.10.163
2019-06-13 15:08:24,officina,165.227.10.163
2019-06-13 15:08:22,officina,165.227.10.163
2019-06-13 15:06:33,ruth,165.227.10.163
2019-06-13 15:06:32,ruth,165.227.10.163
2019-06-13 15:04:40,root,165.227.10.163
2019-06-13 15:02:43,root,165.227.10.163
2019-06-13 15:00:51,lisa,165.227.10.163
2019-06-13 15:00:48,lisa,165.227.10.163
2019-06-13 14:58:56,gnats,165.227.10.163
2019-06-13 14:57:02,git,165.227.10.163
2019-06-13 14:57:00,git,165.227.10.163
2019-06-13 14:55:09,bayonne,165.227.10.163
2019-06-13 14:55:08,bayonne,165.227.10.163
2019-06-13 14:53:18,dm,165.227.10.163
2019-06-13 14:53:17,dm,165.227.10.163
2019-06-13 14:51:25,huan,165.227.10.163
2019-06-13 14:51:22,huan,165.227.10.163
2019-06-13 14:51:08,spamfilt,194.59.165.210
2019-06-13 14:51:06,spamfilt,194.59.165.210
2019-06-13 14:49:30,root,165.227.10.163
2019-06-13 14:47:38,root,165.227.10.163
2019-06-13 14:45:42,marlon,165.227.10.163
2019-06-13 14:45:40,marlon,165.227.10.163
2019-06-13 14:43:45,apop,165.227.10.163
2019-06-13 14:43:43,apop,165.227.10.163
2019-06-13 14:41:54,freddy,165.227.10.163
2019-06-13 14:41:52,freddy,165.227.10.163
2019-06-13 14:40:02,kelly,165.227.10.163
2019-06-13 14:40:00,kelly,165.227.10.163
2019-06-13 14:38:05,bbb,165.227.10.163
2019-06-13 14:38:03,bbb,165.227.10.163
2019-06-13 14:36:12,test,165.227.10.163
2019-06-13 14:36:10,test,165.227.10.163
2019-06-13 14:34:19,info,165.227.10.163
2019-06-13 14:34:18,info,165.227.10.163
2019-06-13 14:32:23,vpopmail,165.227.10.163
2019-06-13 14:32:21,vpopmail,165.227.10.163
2019-06-13 14:30:27,movies,165.227.10.163
2019-06-13 14:30:25,movies,165.227.10.163
2019-06-13 14:28:35,navy,165.227.10.163
2019-06-13 14:28:32,navy,165.227.10.163
2019-06-13 14:26:42,root,165.227.10.163
2019-06-13 14:24:46,server,165.227.10.163
2019-06-13 14:24:44,server,165.227.10.163
2019-06-13 14:22:52,butter,165.227.10.163
2019-06-13 14:22:50,butter,165.227.10.163
2019-06-13 14:21:00,backup,165.227.10.163
2019-06-13 14:19:04,squid,165.227.10.163
2019-06-13 14:19:02,squid,165.227.10.163
2019-06-13 14:17:11,gdm,165.227.10.163
2019-06-13 14:17:09,gdm,165.227.10.163
2019-06-13 14:15:20,ftpuser,165.227.10.163
2019-06-13 14:15:18,ftpuser,165.227.10.163
2019-06-13 14:13:28,root,165.227.10.163
2019-06-13 14:11:33,sandy,165.227.10.163
2019-06-13 14:11:31,sandy,165.227.10.163
2019-06-13 14:09:43,kevin,165.227.10.163
2019-06-13 14:09:42,kevin,165.227.10.163
2019-06-13 14:07:52,andreg,165.227.10.163
2019-06-13 14:07:50,andreg,165.227.10.163
2019-06-13 14:06:31,admin,116.102.150.74
2019-06-13 14:06:28,admin,116.102.150.74
2019-06-13 14:05:55,cpanel,165.227.10.163
2019-06-13 14:05:53,cpanel,165.227.10.163
2019-06-13 14:04:04,root,165.227.10.163
2019-06-13 14:02:17,info,165.227.10.163
2019-06-13 14:02:15,info,165.227.10.163
2019-06-13 14:00:26,martha,165.227.10.163
2019-06-13 14:00:25,martha,165.227.10.163
2019-06-13 13:58:35,testftp,165.227.10.163
2019-06-13 13:58:33,testftp,165.227.10.163
2019-06-13 13:56:48,netservi,165.227.10.163
2019-06-13 13:56:46,netservi,165.227.10.163
2019-06-13 13:54:57,butter,165.227.10.163
2019-06-13 13:54:56,butter,165.227.10.163
2019-06-13 13:53:03,demo,165.227.10.163
2019-06-13 13:53:01,demo,165.227.10.163
2019-06-13 13:51:48,nexus,1f2e8ff4.catv.po
2019-06-13 13:51:47,nexus,1f2e8ff4.catv.po
2019-06-13 13:51:13,roscoe,165.227.10.163
2019-06-13 13:51:12,roscoe,165.227.10.163
2019-06-13 13:49:27,becky,165.227.10.163
2019-06-13 13:49:25,becky,165.227.10.163
2019-06-13 13:47:34,w,165.227.10.163
2019-06-13 13:47:32,w,165.227.10.163
2019-06-13 13:45:40,root,165.227.10.163
2019-06-13 13:43:53,osiris,165.227.10.163
2019-06-13 13:43:51,osiris,165.227.10.163
2019-06-13 13:42:06,root,1f2e8ff4.catv.po
2019-06-13 13:42:02,webuser,165.227.10.163
2019-06-13 13:42:00,webuser,165.227.10.163
2019-06-13 13:40:06,delphine,165.227.10.163
2019-06-13 13:40:04,delphine,165.227.10.163
2019-06-13 13:38:18,qqq,165.227.10.163
2019-06-13 13:38:16,qqq,165.227.10.163
2019-06-13 13:36:34,clock,165.227.10.163
2019-06-13 13:36:32,clock,165.227.10.163
2019-06-13 13:34:45,send,165.227.10.163
2019-06-13 13:34:43,send,165.227.10.163
2019-06-13 13:32:54,test,165.227.10.163
2019-06-13 13:32:52,test,165.227.10.163
2019-06-13 13:32:37,root,1f2e8ff4.catv.po
2019-06-13 13:31:09,doloczki,165.227.10.163
2019-06-13 13:31:07,doloczki,165.227.10.163
2019-06-13 13:29:18,pj,165.227.10.163
2019-06-13 13:29:16,pj,165.227.10.163
2019-06-13 13:27:24,ts3serve,165.227.10.163
2019-06-13 13:27:22,ts3serve,165.227.10.163
2019-06-13 13:25:37,root,165.227.10.163
2019-06-13 13:25:24,bsnl,178.128.81.125
2019-06-13 13:25:21,bsnl,178.128.81.125
2019-06-13 13:23:51,root,165.227.10.163
2019-06-13 13:23:20,gateway,1f2e8ff4.catv.po
2019-06-13 13:23:18,gateway,1f2e8ff4.catv.po
2019-06-13 13:22:03,maria,165.227.10.163
2019-06-13 13:22:01,maria,165.227.10.163
2019-06-13 13:20:16,brown,165.227.10.163
2019-06-13 13:20:14,brown,165.227.10.163
2019-06-13 13:18:33,root,165.227.10.163
2019-06-13 13:16:47,testovh,165.227.10.163
2019-06-13 13:16:45,testovh,165.227.10.163
2019-06-13 13:13:43,sally,1f2e8ff4.catv.po
2019-06-13 13:13:41,sally,1f2e8ff4.catv.po
2019-06-13 13:12:14,zope,165.227.10.163
2019-06-13 13:12:12,zope,165.227.10.163
2019-06-13 13:04:13,calbert,1f2e8ff4.catv.po
2019-06-13 13:04:11,calbert,1f2e8ff4.catv.po
2019-06-13 13:00:43,peu01,167.99.75.174
2019-06-13 13:00:40,peu01,167.99.75.174
2019-06-13 12:58:17,openstac,64.76.6.126
2019-06-13 12:58:15,openstac,64.76.6.126
2019-06-13 12:57:39,sshuser,ip43.ip-147-135-
2019-06-13 12:57:38,sshuser,ip43.ip-147-135-
2019-06-13 12:54:55,ubuntu,1f2e8ff4.catv.po
2019-06-13 12:54:53,ubuntu,1f2e8ff4.catv.po
2019-06-13 12:47:40,root,host184-102-stat
2019-06-13 12:47:35,ethos,host184-102-stat
2019-06-13 12:47:33,ethos,host184-102-stat
2019-06-13 12:45:14,gosling,1f2e8ff4.catv.po
2019-06-13 12:45:12,gosling,1f2e8ff4.catv.po
2019-06-13 12:35:44,lynda,1f2e8ff4.catv.po
2019-06-13 12:35:42,lynda,1f2e8ff4.catv.po
2019-06-13 12:26:24,ig,1f2e8ff4.catv.po
2019-06-13 12:26:22,ig,1f2e8ff4.catv.po
2019-06-13 12:16:37,root,1f2e8ff4.catv.po
2019-06-13 12:07:03,pn,1f2e8ff4.catv.po
2019-06-13 12:07:01,pn,1f2e8ff4.catv.po
2019-06-13 11:57:35,jl,1f2e8ff4.catv.po
2019-06-13 11:57:33,jl,1f2e8ff4.catv.po
2019-06-13 11:56:57,gnax,catv-89-132-74-1
2019-06-13 11:56:55,gnax,catv-89-132-74-1
2019-06-13 11:47:40,mj,1f2e8ff4.catv.po
2019-06-13 11:47:38,mj,1f2e8ff4.catv.po
2019-06-13 11:37:37,teste,1f2e8ff4.catv.po
2019-06-13 11:37:35,teste,1f2e8ff4.catv.po
2019-06-13 11:27:31,root,1f2e8ff4.catv.po
2019-06-13 11:22:44,epmd,ns3069721.ip-37-
2019-06-13 11:22:41,epmd,ns3069721.ip-37-
2019-06-13 11:20:39,public,ns3069721.ip-37-
2019-06-13 11:20:37,public,ns3069721.ip-37-
2019-06-13 11:19:00,administ,139.59.14.210
2019-06-13 11:18:58,administ,139.59.14.210
2019-06-13 11:18:32,root,ns3069721.ip-37-
2019-06-13 11:17:08,hlds,1f2e8ff4.catv.po
2019-06-13 11:17:06,hlds,1f2e8ff4.catv.po
2019-06-13 11:16:24,newslett,ns3069721.ip-37-
2019-06-13 11:16:22,newslett,ns3069721.ip-37-
2019-06-13 11:14:17,girl,ns3069721.ip-37-
2019-06-13 11:14:15,girl,ns3069721.ip-37-
2019-06-13 11:12:10,root,ns3069721.ip-37-
2019-06-13 11:10:03,root,ns3069721.ip-37-
2019-06-13 11:07:53,root,ns3069721.ip-37-
2019-06-13 11:05:43,develop,ns3069721.ip-37-
2019-06-13 11:05:41,develop,ns3069721.ip-37-
2019-06-13 11:03:33,root,ns3069721.ip-37-
2019-06-13 11:01:58,root,1f2e8ff4.catv.po
2019-06-13 11:01:22,root,ns3069721.ip-37-
2019-06-13 10:59:58,admin,93.76.60.196
2019-06-13 10:59:55,admin,93.76.60.196
2019-06-13 10:59:53,admin,93.76.60.196
2019-06-13 10:59:51,admin,93.76.60.196
2019-06-13 10:59:48,admin,93.76.60.196
2019-06-13 10:59:46,admin,93.76.60.196
2019-06-13 10:59:44,admin,93.76.60.196
2019-06-13 10:59:16,hal,ns3069721.ip-37-
2019-06-13 10:59:13,hal,ns3069721.ip-37-
2019-06-13 10:57:12,iiii,ns3069721.ip-37-
2019-06-13 10:57:10,iiii,ns3069721.ip-37-
2019-06-13 10:55:05,root,ns3069721.ip-37-
2019-06-13 10:52:58,root,ns3069721.ip-37-
2019-06-13 10:52:25,dvs,213.ip-51-77-231
2019-06-13 10:52:23,dvs,213.ip-51-77-231
2019-06-13 10:50:46,elke,ns3069721.ip-37-
2019-06-13 10:50:44,elke,ns3069721.ip-37-
2019-06-13 10:48:36,zabbix,ns3069721.ip-37-
2019-06-13 10:48:34,zabbix,ns3069721.ip-37-
2019-06-13 10:46:31,dn,ns3069721.ip-37-
2019-06-13 10:46:29,dn,ns3069721.ip-37-
2019-06-13 10:44:26,nagios,ns3069721.ip-37-
2019-06-13 10:44:25,nagios,ns3069721.ip-37-
2019-06-13 10:42:20,djs,ns3069721.ip-37-
2019-06-13 10:42:18,djs,ns3069721.ip-37-
2019-06-13 10:40:13,sandeepk,ns3069721.ip-37-
2019-06-13 10:40:11,sandeepk,ns3069721.ip-37-
2019-06-13 10:38:03,rodica,ns3069721.ip-37-
2019-06-13 10:38:01,rodica,ns3069721.ip-37-
2019-06-13 10:35:54,radis,ns3069721.ip-37-
2019-06-13 10:35:52,radis,ns3069721.ip-37-
2019-06-13 10:33:48,root,ns3069721.ip-37-
2019-06-13 10:32:06,min,95.214.63.234
2019-06-13 10:32:04,min,95.214.63.234
2019-06-13 10:31:44,danny,ns3069721.ip-37-
2019-06-13 10:31:42,danny,ns3069721.ip-37-
2019-06-13 10:29:48,pmcserve,241-46-207-82.ip
2019-06-13 10:29:46,pmcserve,241-46-207-82.ip
2019-06-13 10:29:39,eeckhout,ns3069721.ip-37-
2019-06-13 10:29:36,eeckhout,ns3069721.ip-37-
2019-06-13 10:27:32,ix,ns3069721.ip-37-
2019-06-13 10:27:30,ix,ns3069721.ip-37-
2019-06-13 10:25:22,matt,ns3069721.ip-37-
2019-06-13 10:25:20,matt,ns3069721.ip-37-
2019-06-13 10:23:12,andrea,ns3069721.ip-37-
2019-06-13 10:23:09,andrea,ns3069721.ip-37-
2019-06-13 10:21:04,zabbix,ns3069721.ip-37-
2019-06-13 10:21:02,zabbix,ns3069721.ip-37-
2019-06-13 10:18:53,operator,ns3069721.ip-37-
2019-06-13 10:18:51,operator,ns3069721.ip-37-
2019-06-13 10:16:46,upload1,ns3069721.ip-37-
2019-06-13 10:16:44,upload1,ns3069721.ip-37-
2019-06-13 10:14:39,demo,ns3069721.ip-37-
2019-06-13 10:14:37,demo,ns3069721.ip-37-
2019-06-13 10:12:27,mang,ns3069721.ip-37-
2019-06-13 10:12:25,mang,ns3069721.ip-37-
2019-06-13 10:10:16,westcado,ns3069721.ip-37-
2019-06-13 10:10:14,westcado,ns3069721.ip-37-
2019-06-13 10:08:09,majordom,ns3069721.ip-37-
2019-06-13 10:08:07,majordom,ns3069721.ip-37-
2019-06-13 10:06:01,bitnami,ns3069721.ip-37-
2019-06-13 10:05:59,bitnami,ns3069721.ip-37-
2019-06-13 10:05:08,system,138.68.186.24
2019-06-13 10:05:06,system,138.68.186.24
2019-06-13 10:03:53,myrhodes,ns3069721.ip-37-
2019-06-13 10:03:51,myrhodes,ns3069721.ip-37-
2019-06-13 10:01:42,123,ns3069721.ip-37-
2019-06-13 10:01:40,123,ns3069721.ip-37-
2019-06-13 09:59:32,eric,ns3069721.ip-37-
2019-06-13 09:59:30,eric,ns3069721.ip-37-
2019-06-13 09:57:24,company,ns3069721.ip-37-
2019-06-13 09:57:22,company,ns3069721.ip-37-
2019-06-13 09:55:17,aarellan,ns3069721.ip-37-
2019-06-13 09:55:15,aarellan,ns3069721.ip-37-
2019-06-13 09:53:10,nemessis,ns3069721.ip-37-
2019-06-13 09:53:09,nemessis,ns3069721.ip-37-
2019-06-13 09:51:00,photo,ns3069721.ip-37-
2019-06-13 09:50:58,photo,ns3069721.ip-37-
2019-06-13 09:48:49,adrc,ns3069721.ip-37-
2019-06-13 09:48:47,adrc,ns3069721.ip-37-
2019-06-13 09:46:37,chuo,ns3069721.ip-37-
2019-06-13 09:46:35,chuo,ns3069721.ip-37-
2019-06-13 09:46:13,khwanjun,mail.malina.dev
2019-06-13 09:46:11,khwanjun,mail.malina.dev
2019-06-13 09:44:30,weblogic,ns3069721.ip-37-
2019-06-13 09:44:27,weblogic,ns3069721.ip-37-
2019-06-13 09:42:25,noc,ns3069721.ip-37-
2019-06-13 09:42:23,noc,ns3069721.ip-37-
2019-06-13 09:40:22,testwww,ns3069721.ip-37-
2019-06-13 09:40:20,testwww,ns3069721.ip-37-
2019-06-13 09:38:16,pgsql,ns3069721.ip-37-
2019-06-13 09:38:13,pgsql,ns3069721.ip-37-
2019-06-13 09:36:09,kayla,ns3069721.ip-37-
2019-06-13 09:36:07,kayla,ns3069721.ip-37-
2019-06-13 09:34:00,wm,ns3069721.ip-37-
2019-06-13 09:33:58,wm,ns3069721.ip-37-
2019-06-13 09:31:52,root,ns3069721.ip-37-
2019-06-13 09:29:45,mdb,ns3069721.ip-37-
2019-06-13 09:29:43,mdb,ns3069721.ip-37-
2019-06-13 09:27:37,mcsrv,ns3069721.ip-37-
2019-06-13 09:27:36,mcsrv,ns3069721.ip-37-
2019-06-13 09:25:34,test10,ns3069721.ip-37-
2019-06-13 09:25:32,test10,ns3069721.ip-37-
2019-06-13 09:23:24,glenn,ns3069721.ip-37-
2019-06-13 09:23:22,glenn,ns3069721.ip-37-
2019-06-13 09:21:16,yinyulin,ns3069721.ip-37-
2019-06-13 09:21:14,yinyulin,ns3069721.ip-37-
2019-06-13 09:19:05,yanjinhu,ns3069721.ip-37-
2019-06-13 09:19:03,yanjinhu,ns3069721.ip-37-
2019-06-13 09:17:00,ts3,ns3069721.ip-37-
2019-06-13 09:16:59,ts3,ns3069721.ip-37-
2019-06-13 09:14:55,cent,ns3069721.ip-37-
2019-06-13 09:14:52,cent,ns3069721.ip-37-
2019-06-13 09:12:43,root,ns3069721.ip-37-
2019-06-13 09:10:32,user,ns3069721.ip-37-
2019-06-13 09:10:30,user,ns3069721.ip-37-
2019-06-13 09:09:35,jose,45.55.42.17
2019-06-13 09:09:33,jose,45.55.42.17
2019-06-13 09:08:18,silby,ns3069721.ip-37-
2019-06-13 09:08:17,silby,ns3069721.ip-37-
2019-06-13 09:06:12,mike,ns3069721.ip-37-
2019-06-13 09:06:10,mike,ns3069721.ip-37-
2019-06-13 09:04:17,upload,125.212.254.144
2019-06-13 09:04:15,upload,125.212.254.144
2019-06-13 09:04:06,root,ns3069721.ip-37-
2019-06-13 09:02:02,morris,ns3069721.ip-37-
2019-06-13 09:02:00,morris,ns3069721.ip-37-
2019-06-13 08:59:54,firebird,ns3069721.ip-37-
2019-06-13 08:59:52,firebird,ns3069721.ip-37-
2019-06-13 08:57:41,root,ns3069721.ip-37-
2019-06-13 08:55:29,abcd,ns3069721.ip-37-
2019-06-13 08:55:26,abcd,ns3069721.ip-37-
2019-06-13 08:53:18,dev,ns3069721.ip-37-
2019-06-13 08:53:16,dev,ns3069721.ip-37-
2019-06-13 08:51:13,liu,ns3069721.ip-37-
2019-06-13 08:51:11,liu,ns3069721.ip-37-
2019-06-13 08:50:49,admin,193.32.163.81
2019-06-13 08:50:47,admin,193.32.163.81
2019-06-13 08:49:00,mail,ns3069721.ip-37-
2019-06-13 08:46:46,andreas,ns3069721.ip-37-
2019-06-13 08:46:43,andreas,ns3069721.ip-37-
2019-06-13 08:44:35,cj,ns3069721.ip-37-
2019-06-13 08:44:33,cj,ns3069721.ip-37-
2019-06-13 08:42:22,david,ns3069721.ip-37-
2019-06-13 08:42:20,david,ns3069721.ip-37-
2019-06-13 08:40:11,steve,ns3069721.ip-37-
2019-06-13 08:40:09,steve,ns3069721.ip-37-
2019-06-13 08:37:56,aut,ns3069721.ip-37-
2019-06-13 08:37:54,aut,ns3069721.ip-37-
2019-06-13 08:35:49,iring,ns3069721.ip-37-
2019-06-13 08:35:46,iring,ns3069721.ip-37-
2019-06-13 08:33:42,qv,ns3069721.ip-37-
2019-06-13 08:33:39,qv,ns3069721.ip-37-
2019-06-13 08:31:30,ionel,ns3069721.ip-37-
2019-06-13 08:31:28,ionel,ns3069721.ip-37-
2019-06-13 08:29:18,tester,ns3069721.ip-37-
2019-06-13 08:29:15,tester,ns3069721.ip-37-
2019-06-13 08:27:03,test,ns3069721.ip-37-
2019-06-13 08:27:01,test,ns3069721.ip-37-
2019-06-13 08:24:55,cvs,ns3069721.ip-37-
2019-06-13 08:24:53,cvs,ns3069721.ip-37-
2019-06-13 08:22:46,art,ns3069721.ip-37-
2019-06-13 08:22:44,art,ns3069721.ip-37-
2019-06-13 08:20:37,root,ns3069721.ip-37-
2019-06-13 08:19:29,ftp,139.59.9.58
2019-06-13 08:19:27,ftp,139.59.9.58
2019-06-13 08:18:29,orin,ns3069721.ip-37-
2019-06-13 08:18:26,orin,ns3069721.ip-37-
2019-06-13 08:18:02,osmc,85.195.212.6
2019-06-13 08:18:00,osmc,85.195.212.6
2019-06-13 08:16:17,root,ns3069721.ip-37-
2019-06-13 08:14:10,ringside,ns3069721.ip-37-
2019-06-13 08:14:08,ringside,ns3069721.ip-37-
2019-06-13 08:11:59,sshd,ns3069721.ip-37-
2019-06-13 08:09:52,ftpuser,ns3069721.ip-37-
2019-06-13 08:09:50,ftpuser,ns3069721.ip-37-
2019-06-13 08:07:38,linuxtes,ns3069721.ip-37-
2019-06-13 08:07:36,linuxtes,ns3069721.ip-37-
2019-06-13 08:05:25,yoa,ns3069721.ip-37-
2019-06-13 08:05:23,yoa,ns3069721.ip-37-
2019-06-13 08:03:10,kk,ns3069721.ip-37-
2019-06-13 08:03:09,kk,ns3069721.ip-37-
2019-06-13 08:00:58,design,ns3069721.ip-37-
2019-06-13 08:00:56,design,ns3069721.ip-37-
2019-06-13 07:58:50,prognoz,ns3069721.ip-37-
2019-06-13 07:58:47,prognoz,ns3069721.ip-37-
2019-06-13 07:56:36,fresh,ns3069721.ip-37-
2019-06-13 07:56:33,fresh,ns3069721.ip-37-
2019-06-13 07:54:15,curtis,ns3069721.ip-37-
2019-06-13 07:54:14,curtis,ns3069721.ip-37-
2019-06-13 07:51:52,develope,ns3069721.ip-37-
2019-06-13 07:51:50,develope,ns3069721.ip-37-
2019-06-13 07:47:51,zhua,ns3069721.ip-37-
2019-06-13 07:47:49,zhua,ns3069721.ip-37-
2019-06-13 07:39:56,students,37.139.21.75
2019-06-13 07:39:54,students,37.139.21.75
2019-06-13 07:31:10,er,104.236.102.16
2019-06-13 07:31:09,er,104.236.102.16
2019-06-13 07:29:51,christia,ec2-3-121-22-11.
2019-06-13 07:29:49,christia,ec2-3-121-22-11.
2019-06-13 07:28:37,notes2,159.65.91.16
2019-06-13 07:28:35,notes2,159.65.91.16
2019-06-13 07:03:58,geesoo,ec2-52-8-188-120
2019-06-13 07:03:56,geesoo,ec2-52-8-188-120
2019-06-13 06:58:49,y,159.65.99.90
2019-06-13 06:58:47,y,159.65.99.90
2019-06-13 06:56:55,matthew,159.65.99.90
2019-06-13 06:56:53,matthew,159.65.99.90
2019-06-13 06:56:03,root,109.78.55.198
2019-06-13 06:56:01,root,109.78.55.198
2019-06-13 06:55:59,root,109.78.55.198
2019-06-13 06:55:57,root,109.78.55.198
2019-06-13 06:55:55,root,109.78.55.198
2019-06-13 06:55:52,root,109.78.55.198
2019-06-13 06:55:04,root,159.65.99.90
2019-06-13 06:53:11,webmaste,159.65.99.90
2019-06-13 06:53:08,webmaste,159.65.99.90
2019-06-13 06:51:20,drrahim,159.65.99.90
2019-06-13 06:51:18,drrahim,159.65.99.90
2019-06-13 06:49:29,web96,159.65.99.90
2019-06-13 06:49:28,web96,159.65.99.90
2019-06-13 06:47:36,root,159.65.99.90
2019-06-13 06:45:41,chad,159.65.99.90
2019-06-13 06:45:39,chad,159.65.99.90
2019-06-13 06:43:48,anonymou,159.65.99.90
2019-06-13 06:43:46,anonymou,159.65.99.90
2019-06-13 06:41:58,fc,159.65.99.90
2019-06-13 06:41:55,fc,159.65.99.90
2019-06-13 06:40:05,erica,159.65.99.90
2019-06-13 06:40:03,erica,159.65.99.90
2019-06-13 06:38:14,root,159.65.99.90
2019-06-13 06:36:24,ssl,159.65.99.90
2019-06-13 06:36:22,ssl,159.65.99.90
2019-06-13 06:34:28,desktop,159.65.99.90
2019-06-13 06:34:26,desktop,159.65.99.90
2019-06-13 06:32:33,root,159.65.99.90
2019-06-13 06:30:41,ppp,159.65.99.90
2019-06-13 06:30:39,ppp,159.65.99.90
2019-06-13 06:28:48,clamav,159.65.99.90
2019-06-13 06:28:47,clamav,159.65.99.90
2019-06-13 06:26:56,mima2007,159.65.99.90
2019-06-13 06:26:54,mima2007,159.65.99.90
2019-06-13 06:25:56,dale,215.ip-51-255-17
2019-06-13 06:25:54,dale,215.ip-51-255-17
